postgres-1  | 2026-09-06 14:57:44.623 UTC [3217] LOG:  process 3217 still waiting for ShareLock on transaction 3529 after 1004.878 ms
postgres-1  | 2026-09-06 14:57:44.623 UTC [3205] LOG:  process 3205 detected deadlock while waiting for ShareLock on transaction 3530 after 1004.885 ms
postgres-1  | 2026-09-06 14:57:44.623 UTC [3205] ERROR:  deadlock detected
postgres-1  | 2026-09-06 14:57:44.623 UTC [3217] LOG:  process 3217 acquired ShareLock on transaction 3529 after 1005.480 ms
postgres-1  | 2026-09-06 14:57:44.677 UTC [3211] LOG:  process 3211 detected deadlock while waiting for ExclusiveLock on tuple (3,99) of relation 16385 of database 16384 after 1004.423 ms
postgres-1  | 2026-09-06 14:57:44.677 UTC [3211] ERROR:  deadlock detected
postgres-1  | 2026-09-06 14:57:44.702 UTC [3207] LOG:  process 3207 detected deadlock while waiting for ExclusiveLock on tuple (3,99) of relation 16385 of database 16384 after 1004.705 ms
postgres-1  | 2026-09-06 14:57:44.702 UTC [3207] ERROR:  deadlock detected
postgres-1  | 2026-09-06 14:57:44.717 UTC [3208] LOG:  process 3208 detected deadlock while waiting for ExclusiveLock on tuple (3,99) of relation 16385 of database 16384 after 1000.486 ms
postgres-1  | 2026-09-06 14:57:44.717 UTC [3208] ERROR:  deadlock detected
postgres-1  | 2026-09-06 14:57:44.731 UTC [3185] LOG:  process 3185 detected deadlock while waiting for ExclusiveLock on tuple (3,99) of relation 16385 of database 16384 after 1003.287 ms
postgres-1  | 2026-09-06 14:57:44.731 UTC [3185] ERROR:  deadlock detected
postgres-1  | 2026-09-06 14:57:44.808 UTC [3214] LOG:  process 3214 still waiting for ExclusiveLock on tuple (4,89) of relation 16385 of database 16384 after 1001.032 ms
postgres-1  | 2026-09-06 14:57:44.808 UTC [3223] LOG:  process 3223 detected deadlock while waiting for ExclusiveLock on tuple (3,99) of relation 16385 of database 16384 after 1001.084 ms
postgres-1  | 2026-09-06 14:57:44.808 UTC [3223] ERROR:  deadlock detected
postgres-1  | 2026-09-06 14:57:44.853 UTC [3220] LOG:  process 3220 detected deadlock while waiting for ExclusiveLock on tuple (3,99) of relation 16385 of database 16384 after 1009.873 ms
postgres-1  | 2026-09-06 14:57:44.853 UTC [3220] ERROR:  deadlock detected
postgres-1  | 2026-09-06 14:57:44.893 UTC [3206] LOG:  process 3206 still waiting for ExclusiveLock on tuple (4,89) of relation 16385 of database 16384 after 1000.686 ms
postgres-1  | 2026-09-06 14:57:44.899 UTC [3186] LOG:  process 3186 still waiting for ExclusiveLock on tuple (4,89) of relation 16385 of database 16384 after 1000.585 ms
postgres-1  | 2026-09-06 14:57:45.625 UTC [3212] LOG:  process 3212 still waiting for ShareLock on transaction 3530 after 1001.135 ms
postgres-1  | 2026-09-06 14:57:45.625 UTC [3219] LOG:  process 3219 detected deadlock while waiting for ShareLock on transaction 3530 after 1001.355 ms
postgres-1  | 2026-09-06 14:57:45.625 UTC [3219] ERROR:  deadlock detected
postgres-1  | 2026-09-06 14:57:45.683 UTC [3215] LOG:  process 3215 still waiting for ShareLock on transaction 3544 after 1002.150 ms
postgres-1  | 2026-09-06 14:57:45.683 UTC [3218] LOG:  process 3218 still waiting for ShareLock on transaction 3544 after 1001.960 ms
postgres-1  | 2026-09-06 14:57:45.683 UTC [3209] LOG:  process 3209 still waiting for ShareLock on transaction 3544 after 1002.028 ms
postgres-1  | 2026-09-06 14:57:45.683 UTC [3213] LOG:  process 3213 still waiting for ExclusiveLock on tuple (4,92) of relation 16385 of database 16384 after 1001.864 ms
postgres-1  | 2026-09-06 14:57:45.685 UTC [3224] LOG:  process 3224 detected deadlock while waiting for ShareLock on transaction 3554 after 1001.232 ms
postgres-1  | 2026-09-06 14:57:45.685 UTC [3217] LOG:  process 3217 still waiting for ShareLock on transaction 3542 after 1001.189 ms
postgres-1  | 2026-09-06 14:57:45.685 UTC [3224] ERROR:  deadlock detected
postgres-1  | 2026-09-06 14:57:45.686 UTC [3215] LOG:  process 3215 acquired ShareLock on transaction 3544 after 1004.435 ms
postgres-1  | 2026-09-06 14:57:45.686 UTC [3209] LOG:  process 3209 acquired ShareLock on transaction 3544 after 1004.265 ms
postgres-1  | 2026-09-06 14:57:45.686 UTC [3218] LOG:  process 3218 acquired ShareLock on transaction 3544 after 1004.301 ms
postgres-1  | 2026-09-06 14:57:45.704 UTC [3222] LOG:  process 3222 still waiting for ShareLock on transaction 3542 after 1001.267 ms
postgres-1  | 2026-09-06 14:57:45.705 UTC [3188] LOG:  process 3188 detected deadlock while waiting for ExclusiveLock on tuple (1,44) of relation 16385 of database 16384 after 1001.713 ms
postgres-1  | 2026-09-06 14:57:45.705 UTC [3216] LOG:  process 3216 still waiting for ShareLock on transaction 3545 after 1002.147 ms
postgres-1  | 2026-09-06 14:57:45.705 UTC [3188] ERROR:  deadlock detected
postgres-1  | 2026-09-06 14:57:45.809 UTC [3205] LOG:  process 3205 still waiting for ExclusiveLock on tuple (4,89) of relation 16385 of database 16384 after 1001.263 ms
postgres-1  | 2026-09-06 14:57:45.825 UTC [3210] LOG:  process 3210 still waiting for ExclusiveLock on tuple (1,44) of relation 16385 of database 16384 after 1005.347 ms
postgres-1  | 2026-09-06 14:57:45.928 UTC [3207] LOG:  process 3207 still waiting for ShareLock on transaction 3546 after 1001.937 ms
postgres-1  | 2026-09-06 14:57:45.950 UTC [3211] LOG:  process 3211 still waiting for ExclusiveLock on tuple (3,99) of relation 16385 of database 16384 after 1006.197 ms
postgres-1  | 2026-09-06 14:57:46.015 UTC [3185] LOG:  process 3185 still waiting for ExclusiveLock on tuple (3,99) of relation 16385 of database 16384 after 1004.552 ms
postgres-1  | 2026-09-06 14:57:46.047 UTC [3220] LOG:  process 3220 still waiting for ExclusiveLock on tuple (3,99) of relation 16385 of database 16384 after 1001.261 ms
postgres-1  | 2026-09-06 14:57:46.169 UTC [3223] LOG:  process 3223 still waiting for ExclusiveLock on tuple (3,99) of relation 16385 of database 16384 after 1003.431 ms
postgres-1  | 2026-09-06 14:57:46.628 UTC [3187] LOG:  process 3187 still waiting for ShareLock on transaction 3530 after 1002.286 ms
postgres-1  | 2026-09-06 14:57:46.686 UTC [3209] LOG:  process 3209 still waiting for ShareLock on transaction 3547 after 1000.473 ms
postgres-1  | 2026-09-06 14:57:46.686 UTC [3218] LOG:  process 3218 still waiting for ShareLock on transaction 3547 after 1000.683 ms
postgres-1  | 2026-09-06 14:57:46.687 UTC [3215] LOG:  process 3215 detected deadlock while waiting for ExclusiveLock on tuple (5,103) of relation 16385 of database 16384 after 1000.947 ms
postgres-1  | 2026-09-06 14:57:46.687 UTC [3184] LOG:  process 3184 still waiting for ShareLock on transaction 3547 after 1001.521 ms
postgres-1  | 2026-09-06 14:57:46.687 UTC [3215] ERROR:  deadlock detected
postgres-1  | 2026-09-06 14:57:46.688 UTC [3184] LOG:  process 3184 acquired ShareLock on transaction 3547 after 1001.844 ms
postgres-1  | 2026-09-06 14:57:46.688 UTC [3218] LOG:  process 3218 acquired ShareLock on transaction 3547 after 1001.817 ms
postgres-1  | 2026-09-06 14:57:46.688 UTC [3209] LOG:  process 3209 acquired ShareLock on transaction 3547 after 1001.818 ms
postgres-1  | 2026-09-06 14:57:46.707 UTC [3221] LOG:  process 3221 still waiting for ExclusiveLock on tuple (4,92) of relation 16385 of database 16384 after 1001.513 ms
postgres-1  | 2026-09-06 14:57:46.715 UTC [3208] LOG:  process 3208 still waiting for ShareLock on transaction 3558 after 1009.906 ms
postgres-1  | 2026-09-06 14:57:46.905 UTC [3188] LOG:  process 3188 still waiting for ExclusiveLock on tuple (1,44) of relation 16385 of database 16384 after 1010.894 ms
postgres-1  | 2026-09-06 14:57:46.928 UTC [3219] LOG:  process 3219 still waiting for ExclusiveLock on tuple (3,99) of relation 16385 of database 16384 after 1003.120 ms
postgres-1  | 2026-09-06 14:57:46.988 UTC [3224] LOG:  process 3224 still waiting for ExclusiveLock on tuple (5,103) of relation 16385 of database 16384 after 1002.792 ms
postgres-1  | 2026-09-06 14:57:47.691 UTC [3209] LOG:  process 3209 still waiting for ExclusiveLock on tuple (1,44) of relation 16385 of database 16384 after 1003.335 ms
postgres-1  | 2026-09-06 14:57:47.691 UTC [3218] LOG:  process 3218 detected deadlock while waiting for ShareLock on transaction 3554 after 1002.908 ms
postgres-1  | 2026-09-06 14:57:47.692 UTC [3218] ERROR:  deadlock detected
postgres-1  | 2026-09-06 14:57:47.692 UTC [3210] LOG:  process 3210 acquired ExclusiveLock on tuple (1,44) of relation 16385 of database 16384 after 2872.260 ms
postgres-1  | 2026-09-06 14:57:48.035 UTC [3215] LOG:  process 3215 still waiting for ExclusiveLock on tuple (1,44) of relation 16385 of database 16384 after 1010.843 ms
postgres-1  | 2026-09-06 14:57:48.693 UTC [3184] LOG:  process 3184 detected deadlock while waiting for ExclusiveLock on tuple (3,99) of relation 16385 of database 16384 after 1000.564 ms
postgres-1  | 2026-09-06 14:57:48.694 UTC [3184] ERROR:  deadlock detected
postgres-1  | 2026-09-06 14:57:48.694 UTC [3217] LOG:  process 3217 acquired ShareLock on transaction 3542 after 4009.673 ms
postgres-1  | 2026-09-06 14:57:48.694 UTC [3222] LOG:  process 3222 acquired ShareLock on transaction 3542 after 3991.007 ms
postgres-1  | 2026-09-06 14:57:48.694 UTC [3188] LOG:  process 3188 acquired ExclusiveLock on tuple (1,44) of relation 16385 of database 16384 after 2800.380 ms
postgres-1  | 2026-09-06 14:57:48.699 UTC [3212] LOG:  process 3212 acquired ShareLock on transaction 3530 after 4075.192 ms
postgres-1  | 2026-09-06 14:57:48.699 UTC [3187] LOG:  process 3187 acquired ShareLock on transaction 3530 after 3073.498 ms
postgres-1  | 2026-09-06 14:57:48.699 UTC [3214] LOG:  process 3214 acquired ExclusiveLock on tuple (4,89) of relation 16385 of database 16384 after 4892.042 ms
postgres-1  | 2026-09-06 14:57:48.699 UTC [3211] LOG:  process 3211 acquired ExclusiveLock on tuple (3,99) of relation 16385 of database 16384 after 3755.137 ms
postgres-1  | 2026-09-06 14:57:48.699 UTC [3185] LOG:  process 3185 acquired ExclusiveLock on tuple (3,99) of relation 16385 of database 16384 after 3688.494 ms
postgres-1  | 2026-09-06 14:57:48.699 UTC [3206] LOG:  process 3206 acquired ExclusiveLock on tuple (4,89) of relation 16385 of database 16384 after 4806.389 ms
postgres-1  | 2026-09-06 14:57:48.699 UTC [3220] LOG:  process 3220 acquired ExclusiveLock on tuple (3,99) of relation 16385 of database 16384 after 3653.192 ms
postgres-1  | 2026-09-06 14:57:48.699 UTC [3186] LOG:  process 3186 acquired ExclusiveLock on tuple (4,89) of relation 16385 of database 16384 after 4800.680 ms
postgres-1  | 2026-09-06 14:57:48.699 UTC [3223] LOG:  process 3223 acquired ExclusiveLock on tuple (3,99) of relation 16385 of database 16384 after 3533.340 ms
postgres-1  | 2026-09-06 14:57:48.699 UTC [3205] LOG:  process 3205 acquired ExclusiveLock on tuple (4,89) of relation 16385 of database 16384 after 3891.359 ms
postgres-1  | 2026-09-06 14:57:48.699 UTC [3219] LOG:  process 3219 acquired ExclusiveLock on tuple (3,99) of relation 16385 of database 16384 after 2774.540 ms
postgres-1  | 2026-09-06 14:57:48.702 UTC [3216] LOG:  process 3216 acquired ShareLock on transaction 3545 after 3999.516 ms
postgres-1  | 2026-09-06 14:57:48.702 UTC [3213] LOG:  process 3213 acquired ExclusiveLock on tuple (4,92) of relation 16385 of database 16384 after 4020.515 ms
postgres-1  | 2026-09-06 14:57:48.702 UTC [3221] LOG:  process 3221 acquired ExclusiveLock on tuple (4,92) of relation 16385 of database 16384 after 2996.489 ms
postgres-1  | 2026-09-06 14:57:49.044 UTC [3218] LOG:  process 3218 still waiting for ExclusiveLock on tuple (1,44) of relation 16385 of database 16384 after 1003.853 ms
postgres-1  | 2026-09-06 14:57:49.695 UTC [3188] LOG:  process 3188 still waiting for ShareLock on transaction 3560 after 1000.801 ms
postgres-1  | 2026-09-06 14:57:49.699 UTC [3210] LOG:  process 3210 still waiting for ShareLock on transaction 3554 after 1003.937 ms
postgres-1  | 2026-09-06 14:57:49.699 UTC [3220] LOG:  process 3220 still waiting for ShareLock on transaction 3554 after 1000.180 ms
postgres-1  | 2026-09-06 14:57:49.700 UTC [3185] LOG:  process 3185 still waiting for ShareLock on transaction 3554 after 1001.024 ms
postgres-1  | 2026-09-06 14:57:49.700 UTC [3212] LOG:  process 3212 still waiting for ExclusiveLock on tuple (3,103) of relation 16385 of database 16384 after 1000.690 ms
postgres-1  | 2026-09-06 14:57:49.700 UTC [3214] LOG:  process 3214 still waiting for ShareLock on transaction 3531 after 1001.242 ms
postgres-1  | 2026-09-06 14:57:49.700 UTC [3223] LOG:  process 3223 still waiting for ShareLock on transaction 3554 after 1000.874 ms
postgres-1  | 2026-09-06 14:57:49.700 UTC [3206] LOG:  process 3206 still waiting for ShareLock on transaction 3531 after 1001.169 ms
postgres-1  | 2026-09-06 14:57:49.700 UTC [3219] LOG:  process 3219 still waiting for ShareLock on transaction 3554 after 1000.871 ms
postgres-1  | 2026-09-06 14:57:49.700 UTC [3211] LOG:  process 3211 still waiting for ShareLock on transaction 3554 after 1001.359 ms
postgres-1  | 2026-09-06 14:57:49.700 UTC [3186] LOG:  process 3186 still waiting for ShareLock on transaction 3531 after 1001.108 ms
postgres-1  | 2026-09-06 14:57:49.700 UTC [3187] LOG:  process 3187 still waiting for ShareLock on transaction 3531 after 1000.889 ms
postgres-1  | 2026-09-06 14:57:49.704 UTC [3221] LOG:  process 3221 detected deadlock while waiting for ShareLock on transaction 3557 after 1001.597 ms
postgres-1  | 2026-09-06 14:57:49.704 UTC [3216] LOG:  process 3216 still waiting for ExclusiveLock on tuple (5,103) of relation 16385 of database 16384 after 1001.274 ms
postgres-1  | 2026-09-06 14:57:49.704 UTC [3221] ERROR:  deadlock detected
postgres-1  | 2026-09-06 14:57:49.704 UTC [3208] LOG:  process 3208 acquired ShareLock on transaction 3558 after 3999.168 ms
postgres-1  | 2026-09-06 14:57:49.704 UTC [3213] LOG:  process 3213 still waiting for ShareLock on transaction 3557 after 1002.148 ms
postgres-1  | 2026-09-06 14:57:49.705 UTC [3224] LOG:  process 3224 acquired ExclusiveLock on tuple (5,103) of relation 16385 of database 16384 after 3719.745 ms
postgres-1  | 2026-09-06 14:57:49.706 UTC [3205] LOG:  process 3205 still waiting for ShareLock on transaction 3531 after 1007.027 ms
postgres-1  | 2026-09-06 14:57:49.872 UTC [3184] LOG:  process 3184 still waiting for ExclusiveLock on tuple (1,44) of relation 16385 of database 16384 after 1005.165 ms
postgres-1  | 2026-09-06 14:57:49.873 UTC [3222] LOG:  process 3222 still waiting for ExclusiveLock on tuple (5,106) of relation 16385 of database 16384 after 1003.907 ms
postgres-1  | 2026-09-06 14:57:49.916 UTC [3217] LOG:  process 3217 still waiting for ExclusiveLock on tuple (4,94) of relation 16385 of database 16384 after 1007.602 ms
postgres-1  | 2026-09-06 14:57:50.708 UTC [3208] LOG:  process 3208 detected deadlock while waiting for ShareLock on transaction 3557 after 1002.217 ms
postgres-1  | 2026-09-06 14:57:50.708 UTC [3208] ERROR:  deadlock detected
postgres-1  | 2026-09-06 14:57:50.708 UTC [3224] LOG:  process 3224 still waiting for ShareLock on transaction 3561 after 1003.107 ms
postgres-1  | 2026-09-06 14:57:50.708 UTC [3224] LOG:  process 3224 acquired ShareLock on transaction 3561 after 1003.461 ms
postgres-1  | 2026-09-06 14:57:50.708 UTC [3216] LOG:  process 3216 acquired ExclusiveLock on tuple (5,103) of relation 16385 of database 16384 after 2005.528 ms
postgres-1  | 2026-09-06 14:57:50.887 UTC [3221] LOG:  process 3221 still waiting for ExclusiveLock on tuple (5,103) of relation 16385 of database 16384 after 1010.142 ms
postgres-1  | 2026-09-06 14:57:51.711 UTC [3224] LOG:  process 3224 detected deadlock while waiting for ExclusiveLock on tuple (1,44) of relation 16385 of database 16384 after 1001.780 ms
postgres-1  | 2026-09-06 14:57:51.711 UTC [3216] LOG:  process 3216 still waiting for ShareLock on transaction 3569 after 1002.453 ms
postgres-1  | 2026-09-06 14:57:51.711 UTC [3224] ERROR:  deadlock detected
postgres-1  | 2026-09-06 14:57:51.711 UTC [3216] LOG:  process 3216 acquired ShareLock on transaction 3569 after 1003.046 ms
postgres-1  | 2026-09-06 14:57:51.712 UTC [3221] LOG:  process 3221 acquired ExclusiveLock on tuple (5,103) of relation 16385 of database 16384 after 1834.875 ms
postgres-1  | 2026-09-06 14:57:51.933 UTC [3208] LOG:  process 3208 still waiting for ExclusiveLock on tuple (5,103) of relation 16385 of database 16384 after 1007.028 ms
postgres-1  | 2026-09-06 14:57:52.715 UTC [3221] LOG:  process 3221 still waiting for ShareLock on transaction 3557 after 1003.255 ms
postgres-1  | 2026-09-06 14:57:52.715 UTC [3216] LOG:  process 3216 detected deadlock while waiting for ExclusiveLock on tuple (4,94) of relation 16385 of database 16384 after 1002.525 ms
postgres-1  | 2026-09-06 14:57:52.715 UTC [3216] ERROR:  deadlock detected
postgres-1  | 2026-09-06 14:57:52.716 UTC [3221] LOG:  process 3221 acquired ShareLock on transaction 3557 after 1003.967 ms
postgres-1  | 2026-09-06 14:57:52.716 UTC [3213] LOG:  process 3213 acquired ShareLock on transaction 3557 after 4013.587 ms
postgres-1  | 2026-09-06 14:57:52.716 UTC [3208] LOG:  process 3208 acquired ExclusiveLock on tuple (5,103) of relation 16385 of database 16384 after 1790.190 ms
postgres-1  | 2026-09-06 14:57:52.721 UTC [3207] LOG:  process 3207 acquired ShareLock on transaction 3546 after 7794.593 ms
postgres-1  | 2026-09-06 14:57:52.721 UTC [3212] LOG:  process 3212 acquired ExclusiveLock on tuple (3,103) of relation 16385 of database 16384 after 4021.268 ms
postgres-1  | 2026-09-06 14:57:53.589 UTC [3206] LOG:  process 3206 still waiting for ShareLock on transaction 3531 after 4890.003 ms
postgres-1  | 2026-09-06 14:57:53.721 UTC [3212] LOG:  process 3212 detected deadlock while waiting for ShareLock on transaction 3562 after 1000.586 ms
postgres-1  | 2026-09-06 14:57:53.722 UTC [3212] ERROR:  deadlock detected
postgres-1  | 2026-09-06 14:57:53.722 UTC [3206] LOG:  process 3206 acquired ShareLock on transaction 3531 after 5022.836 ms
postgres-1  | 2026-09-06 14:57:53.722 UTC [3214] LOG:  process 3214 acquired ShareLock on transaction 3531 after 5023.035 ms
postgres-1  | 2026-09-06 14:57:53.722 UTC [3186] LOG:  process 3186 acquired ShareLock on transaction 3531 after 5022.806 ms
postgres-1  | 2026-09-06 14:57:53.722 UTC [3205] LOG:  process 3205 acquired ShareLock on transaction 3531 after 5022.719 ms
postgres-1  | 2026-09-06 14:57:53.722 UTC [3187] LOG:  process 3187 acquired ShareLock on transaction 3531 after 5022.729 ms
postgres-1  | 2026-09-06 14:57:53.723 UTC [3207] LOG:  process 3207 still waiting for ShareLock on transaction 3554 after 1001.268 ms
postgres-1  | 2026-09-06 14:57:53.724 UTC [3224] LOG:  process 3224 still waiting for ShareLock on transaction 3576 after 1000.533 ms
postgres-1  | 2026-09-06 14:57:53.725 UTC [3208] LOG:  process 3208 detected deadlock while waiting for ExclusiveLock on tuple (3,100) of relation 16385 of database 16384 after 1000.488 ms
postgres-1  | 2026-09-06 14:57:53.725 UTC [3208] ERROR:  deadlock detected
postgres-1  | 2026-09-06 14:57:53.725 UTC [3224] LOG:  process 3224 acquired ShareLock on transaction 3576 after 1001.636 ms
postgres-1  | 2026-09-06 14:57:53.955 UTC [3221] LOG:  process 3221 still waiting for ExclusiveLock on tuple (3,100) of relation 16385 of database 16384 after 1002.008 ms
postgres-1  | 2026-09-06 14:57:54.725 UTC [3187] LOG:  process 3187 detected deadlock while waiting for ShareLock on transaction 3550 after 1002.576 ms
postgres-1  | 2026-09-06 14:57:54.725 UTC [3186] LOG:  process 3186 still waiting for ExclusiveLock on tuple (4,94) of relation 16385 of database 16384 after 1002.980 ms
postgres-1  | 2026-09-06 14:57:54.725 UTC [3187] ERROR:  deadlock detected
postgres-1  | 2026-09-06 14:57:54.726 UTC [3211] LOG:  process 3211 acquired ShareLock on transaction 3554 after 6026.783 ms
postgres-1  | 2026-09-06 14:57:54.726 UTC [3217] LOG:  process 3217 acquired ExclusiveLock on tuple (4,94) of relation 16385 of database 16384 after 5817.084 ms
postgres-1  | 2026-09-06 14:57:54.726 UTC [3206] LOG:  process 3206 still waiting for ExclusiveLock on tuple (4,94) of relation 16385 of database 16384 after 1003.484 ms
postgres-1  | 2026-09-06 14:57:54.726 UTC [3214] LOG:  process 3214 detected deadlock while waiting for ShareLock on transaction 3579 after 1000.575 ms
postgres-1  | 2026-09-06 14:57:54.726 UTC [3214] ERROR:  deadlock detected
postgres-1  | 2026-09-06 14:57:54.726 UTC [3223] LOG:  process 3223 acquired ShareLock on transaction 3554 after 6026.764 ms
postgres-1  | 2026-09-06 14:57:54.726 UTC [3220] LOG:  process 3220 acquired ShareLock on transaction 3554 after 6026.896 ms
postgres-1  | 2026-09-06 14:57:54.726 UTC [3205] LOG:  process 3205 still waiting for ShareLock on transaction 3550 after 1003.853 ms
postgres-1  | 2026-09-06 14:57:54.726 UTC [3219] LOG:  process 3219 acquired ShareLock on transaction 3554 after 6026.873 ms
postgres-1  | 2026-09-06 14:57:54.726 UTC [3207] LOG:  process 3207 acquired ShareLock on transaction 3554 after 2005.124 ms
postgres-1  | 2026-09-06 14:57:54.727 UTC [3210] LOG:  process 3210 acquired ShareLock on transaction 3554 after 6030.203 ms
postgres-1  | 2026-09-06 14:57:54.727 UTC [3185] LOG:  process 3185 acquired ShareLock on transaction 3554 after 6026.703 ms
postgres-1  | 2026-09-06 14:57:54.727 UTC [3222] LOG:  process 3222 acquired ExclusiveLock on tuple (5,106) of relation 16385 of database 16384 after 5858.134 ms
postgres-1  | 2026-09-06 14:57:54.727 UTC [3224] LOG:  process 3224 still waiting for ShareLock on transaction 3579 after 1001.987 ms
postgres-1  | 2026-09-06 14:57:54.728 UTC [3205] LOG:  process 3205 acquired ShareLock on transaction 3550 after 1004.276 ms
postgres-1  | 2026-09-06 14:57:54.729 UTC [3213] LOG:  process 3213 detected deadlock while waiting for ExclusiveLock on tuple (4,94) of relation 16385 of database 16384 after 1003.208 ms
postgres-1  | 2026-09-06 14:57:54.729 UTC [3213] ERROR:  deadlock detected
postgres-1  | 2026-09-06 14:57:54.730 UTC [3224] LOG:  process 3224 acquired ShareLock on transaction 3579 after 1004.127 ms
postgres-1  | 2026-09-06 14:57:54.823 UTC [3212] LOG:  process 3212 still waiting for ExclusiveLock on tuple (5,106) of relation 16385 of database 16384 after 1009.951 ms
postgres-1  | 2026-09-06 14:57:55.028 UTC [3208] LOG:  process 3208 still waiting for ExclusiveLock on tuple (1,44) of relation 16385 of database 16384 after 1001.044 ms
postgres-1  | 2026-09-06 14:57:55.728 UTC [3220] LOG:  process 3220 still waiting for ShareLock on transaction 3563 after 1001.448 ms
postgres-1  | 2026-09-06 14:57:55.728 UTC [3219] LOG:  process 3219 still waiting for ShareLock on transaction 3563 after 1001.266 ms
postgres-1  | 2026-09-06 14:57:55.728 UTC [3185] LOG:  process 3185 still waiting for ShareLock on transaction 3563 after 1000.690 ms
postgres-1  | 2026-09-06 14:57:55.728 UTC [3223] LOG:  process 3223 still waiting for ShareLock on transaction 3563 after 1001.859 ms
postgres-1  | 2026-09-06 14:57:55.728 UTC [3222] LOG:  process 3222 still waiting for ShareLock on transaction 3560 after 1000.036 ms
postgres-1  | 2026-09-06 14:57:55.728 UTC [3207] LOG:  process 3207 detected deadlock while waiting for ShareLock on transaction 3563 after 1001.783 ms
postgres-1  | 2026-09-06 14:57:55.728 UTC [3207] ERROR:  deadlock detected
postgres-1  | 2026-09-06 14:57:55.729 UTC [3211] LOG:  process 3211 still waiting for ExclusiveLock on tuple (4,94) of relation 16385 of database 16384 after 1000.678 ms
postgres-1  | 2026-09-06 14:57:55.729 UTC [3221] LOG:  process 3221 acquired ExclusiveLock on tuple (3,100) of relation 16385 of database 16384 after 2775.508 ms
postgres-1  | 2026-09-06 14:57:55.730 UTC [3205] LOG:  process 3205 detected deadlock while waiting for ExclusiveLock on tuple (3,100) of relation 16385 of database 16384 after 1000.922 ms
postgres-1  | 2026-09-06 14:57:55.730 UTC [3205] ERROR:  deadlock detected
postgres-1  | 2026-09-06 14:57:55.730 UTC [3217] LOG:  process 3217 still waiting for ShareLock on transaction 3559 after 1000.839 ms
postgres-1  | 2026-09-06 14:57:55.730 UTC [3216] LOG:  process 3216 still waiting for ShareLock on transaction 3577 after 1000.289 ms
postgres-1  | 2026-09-06 14:57:55.730 UTC [3217] LOG:  process 3217 acquired ShareLock on transaction 3559 after 1001.044 ms
postgres-1  | 2026-09-06 14:57:55.730 UTC [3186] LOG:  process 3186 acquired ExclusiveLock on tuple (4,94) of relation 16385 of database 16384 after 2007.979 ms
postgres-1  | 2026-09-06 14:57:55.733 UTC [3224] LOG:  process 3224 still waiting for ExclusiveLock on tuple (1,44) of relation 16385 of database 16384 after 1001.248 ms
postgres-1  | 2026-09-06 14:57:55.736 UTC [3222] LOG:  process 3222 acquired ShareLock on transaction 3560 after 1007.666 ms
postgres-1  | 2026-09-06 14:57:55.736 UTC [3188] LOG:  process 3188 acquired ShareLock on transaction 3560 after 7041.605 ms
postgres-1  | 2026-09-06 14:57:55.736 UTC [3212] LOG:  process 3212 acquired ExclusiveLock on tuple (5,106) of relation 16385 of database 16384 after 1923.540 ms
postgres-1  | 2026-09-06 14:57:55.737 UTC [3209] LOG:  process 3209 acquired ExclusiveLock on tuple (1,44) of relation 16385 of database 16384 after 9048.793 ms
postgres-1  | 2026-09-06 14:57:55.737 UTC [3215] LOG:  process 3215 acquired ExclusiveLock on tuple (1,44) of relation 16385 of database 16384 after 8712.579 ms
postgres-1  | 2026-09-06 14:57:55.737 UTC [3218] LOG:  process 3218 acquired ExclusiveLock on tuple (1,44) of relation 16385 of database 16384 after 7696.636 ms
postgres-1  | 2026-09-06 14:57:55.737 UTC [3184] LOG:  process 3184 acquired ExclusiveLock on tuple (1,44) of relation 16385 of database 16384 after 6869.881 ms
postgres-1  | 2026-09-06 14:57:55.737 UTC [3208] LOG:  process 3208 acquired ExclusiveLock on tuple (1,44) of relation 16385 of database 16384 after 1710.687 ms
postgres-1  | 2026-09-06 14:57:55.737 UTC [3224] LOG:  process 3224 acquired ExclusiveLock on tuple (1,44) of relation 16385 of database 16384 after 1006.084 ms
postgres-1  | 2026-09-06 14:57:55.847 UTC [3187] LOG:  process 3187 still waiting for ExclusiveLock on tuple (4,94) of relation 16385 of database 16384 after 1002.189 ms
postgres-1  | 2026-09-06 14:57:56.054 UTC [3214] LOG:  process 3214 still waiting for ExclusiveLock on tuple (5,113) of relation 16385 of database 16384 after 1006.110 ms
postgres-1  | 2026-09-06 14:57:56.735 UTC [3186] LOG:  process 3186 still waiting for ShareLock on transaction 3574 after 1004.579 ms
postgres-1  | 2026-09-06 14:57:56.735 UTC [3221] LOG:  process 3221 still waiting for ShareLock on transaction 3563 after 1006.272 ms
postgres-1  | 2026-09-06 14:57:56.737 UTC [3212] LOG:  process 3212 still waiting for ShareLock on transaction 3573 after 1000.872 ms
postgres-1  | 2026-09-06 14:57:56.737 UTC [3217] LOG:  process 3217 still waiting for ShareLock on transaction 3584 after 1000.993 ms
postgres-1  | 2026-09-06 14:57:56.738 UTC [3184] LOG:  process 3184 still waiting for ShareLock on transaction 3567 after 1000.437 ms
postgres-1  | 2026-09-06 14:57:56.738 UTC [3215] LOG:  process 3215 still waiting for ShareLock on transaction 3567 after 1000.794 ms
postgres-1  | 2026-09-06 14:57:56.738 UTC [3213] LOG:  process 3213 still waiting for ShareLock on transaction 3580 after 1000.968 ms
postgres-1  | 2026-09-06 14:57:56.738 UTC [3209] LOG:  process 3209 still waiting for ShareLock on transaction 3567 after 1001.283 ms
postgres-1  | 2026-09-06 14:57:56.738 UTC [3222] LOG:  process 3222 detected deadlock while waiting for ShareLock on transaction 3567 after 1001.330 ms
postgres-1  | 2026-09-06 14:57:56.738 UTC [3188] LOG:  process 3188 still waiting for ShareLock on transaction 3573 after 1000.998 ms
postgres-1  | 2026-09-06 14:57:56.738 UTC [3224] LOG:  process 3224 still waiting for ShareLock on transaction 3567 after 1000.536 ms
postgres-1  | 2026-09-06 14:57:56.738 UTC [3218] LOG:  process 3218 still waiting for ShareLock on transaction 3567 after 1000.904 ms
postgres-1  | 2026-09-06 14:57:56.738 UTC [3222] ERROR:  deadlock detected
postgres-1  | 2026-09-06 14:57:56.738 UTC [3208] LOG:  process 3208 still waiting for ShareLock on transaction 3567 after 1000.691 ms
postgres-1  | 2026-09-06 14:57:56.738 UTC [3212] LOG:  process 3212 acquired ShareLock on transaction 3573 after 1002.125 ms
postgres-1  | 2026-09-06 14:57:56.738 UTC [3188] LOG:  process 3188 acquired ShareLock on transaction 3573 after 1001.468 ms
postgres-1  | 2026-09-06 14:57:56.918 UTC [3210] LOG:  process 3210 still waiting for ExclusiveLock on tuple (3,100) of relation 16385 of database 16384 after 1004.400 ms
postgres-1  | 2026-09-06 14:57:56.951 UTC [3205] LOG:  process 3205 still waiting for ExclusiveLock on tuple (4,94) of relation 16385 of database 16384 after 1002.181 ms
postgres-1  | 2026-09-06 14:57:56.977 UTC [3207] LOG:  process 3207 still waiting for ExclusiveLock on tuple (5,113) of relation 16385 of database 16384 after 1002.856 ms
postgres-1  | 2026-09-06 14:57:57.748 UTC [3188] LOG:  process 3188 detected deadlock while waiting for ShareLock on transaction 3572 after 1008.537 ms
postgres-1  | 2026-09-06 14:57:57.748 UTC [3212] LOG:  process 3212 still waiting for ShareLock on transaction 3567 after 1009.463 ms
postgres-1  | 2026-09-06 14:57:57.748 UTC [3188] ERROR:  deadlock detected
postgres-1  | 2026-09-06 14:57:57.749 UTC [3208] LOG:  process 3208 acquired ShareLock on transaction 3567 after 2011.491 ms
postgres-1  | 2026-09-06 14:57:57.749 UTC [3212] LOG:  process 3212 acquired ShareLock on transaction 3567 after 1010.296 ms
postgres-1  | 2026-09-06 14:57:57.749 UTC [3224] LOG:  process 3224 acquired ShareLock on transaction 3567 after 2011.451 ms
postgres-1  | 2026-09-06 14:57:57.749 UTC [3215] LOG:  process 3215 acquired ShareLock on transaction 3567 after 2011.665 ms
postgres-1  | 2026-09-06 14:57:57.749 UTC [3209] LOG:  process 3209 acquired ShareLock on transaction 3567 after 2012.018 ms
postgres-1  | 2026-09-06 14:57:57.749 UTC [3218] LOG:  process 3218 acquired ShareLock on transaction 3567 after 2011.622 ms
postgres-1  | 2026-09-06 14:57:57.749 UTC [3184] LOG:  process 3184 acquired ShareLock on transaction 3567 after 2011.536 ms
postgres-1  | 2026-09-06 14:57:58.753 UTC [3184] LOG:  process 3184 still waiting for ShareLock on transaction 3582 after 1003.271 ms
postgres-1  | 2026-09-06 14:57:58.753 UTC [3224] LOG:  process 3224 detected deadlock while waiting for ShareLock on transaction 3582 after 1003.350 ms
postgres-1  | 2026-09-06 14:57:58.753 UTC [3208] LOG:  process 3208 still waiting for ExclusiveLock on tuple (4,94) of relation 16385 of database 16384 after 1001.892 ms
postgres-1  | 2026-09-06 14:57:58.753 UTC [3224] ERROR:  deadlock detected
postgres-1  | 2026-09-06 14:57:58.753 UTC [3222] LOG:  process 3222 still waiting for ShareLock on transaction 3582 after 1002.266 ms
postgres-1  | 2026-09-06 14:57:58.753 UTC [3212] LOG:  process 3212 still waiting for ShareLock on transaction 3589 after 1003.737 ms
postgres-1  | 2026-09-06 14:57:58.753 UTC [3218] LOG:  process 3218 still waiting for ShareLock on transaction 3582 after 1003.511 ms
postgres-1  | 2026-09-06 14:57:58.753 UTC [3215] LOG:  process 3215 still waiting for ShareLock on transaction 3582 after 1003.640 ms
postgres-1  | 2026-09-06 14:57:58.753 UTC [3216] LOG:  process 3216 acquired ShareLock on transaction 3577 after 4023.325 ms
postgres-1  | 2026-09-06 14:57:58.753 UTC [3209] LOG:  process 3209 still waiting for ShareLock on transaction 3582 after 1003.947 ms
postgres-1  | 2026-09-06 14:57:58.753 UTC [3214] LOG:  process 3214 acquired ExclusiveLock on tuple (5,113) of relation 16385 of database 16384 after 3705.275 ms
postgres-1  | 2026-09-06 14:57:59.036 UTC [3188] LOG:  process 3188 still waiting for ExclusiveLock on tuple (3,100) of relation 16385 of database 16384 after 1010.699 ms
postgres-1  | 2026-09-06 14:57:59.759 UTC [3216] LOG:  process 3216 detected deadlock while waiting for ExclusiveLock on tuple (4,94) of relation 16385 of database 16384 after 1004.219 ms
postgres-1  | 2026-09-06 14:57:59.759 UTC [3216] ERROR:  deadlock detected
postgres-1  | 2026-09-06 14:57:59.759 UTC [3213] LOG:  process 3213 acquired ShareLock on transaction 3580 after 4022.281 ms
postgres-1  | 2026-09-06 14:57:59.759 UTC [3207] LOG:  process 3207 acquired ExclusiveLock on tuple (5,113) of relation 16385 of database 16384 after 3785.572 ms
postgres-1  | 2026-09-06 14:58:00.066 UTC [3224] LOG:  process 3224 still waiting for ShareLock on transaction 3589 after 1010.054 ms
postgres-1  | 2026-09-06 14:58:00.762 UTC [3213] LOG:  process 3213 detected deadlock while waiting for ShareLock on transaction 3572 after 1001.285 ms
postgres-1  | 2026-09-06 14:58:00.762 UTC [3213] ERROR:  deadlock detected
postgres-1  | 2026-09-06 14:58:00.762 UTC [3217] LOG:  process 3217 acquired ShareLock on transaction 3584 after 5026.014 ms
postgres-1  | 2026-09-06 14:58:00.763 UTC [3214] LOG:  process 3214 still waiting for ExclusiveLock on tuple (4,94) of relation 16385 of database 16384 after 1002.519 ms
postgres-1  | 2026-09-06 14:58:00.764 UTC [3207] LOG:  process 3207 still waiting for ShareLock on transaction 3585 after 1004.271 ms
postgres-1  | 2026-09-06 14:58:00.858 UTC [3216] LOG:  process 3216 still waiting for ExclusiveLock on tuple (4,94) of relation 16385 of database 16384 after 1001.087 ms
postgres-1  | 2026-09-06 14:58:01.771 UTC [3217] LOG:  process 3217 detected deadlock while waiting for ExclusiveLock on tuple (3,100) of relation 16385 of database 16384 after 1007.663 ms
postgres-1  | 2026-09-06 14:58:01.771 UTC [3217] ERROR:  deadlock detected
postgres-1  | 2026-09-06 14:58:01.772 UTC [3186] LOG:  process 3186 acquired ShareLock on transaction 3574 after 6041.571 ms
postgres-1  | 2026-09-06 14:58:01.772 UTC [3206] LOG:  process 3206 acquired ExclusiveLock on tuple (4,94) of relation 16385 of database 16384 after 8049.562 ms
postgres-1  | 2026-09-06 14:58:02.777 UTC [3186] LOG:  process 3186 detected deadlock while waiting for ExclusiveLock on tuple (3,100) of relation 16385 of database 16384 after 1003.356 ms
postgres-1  | 2026-09-06 14:58:02.777 UTC [3186] ERROR:  deadlock detected
postgres-1  | 2026-09-06 14:58:02.777 UTC [3213] LOG:  process 3213 still waiting for ShareLock on transaction 3572 after 1003.162 ms
postgres-1  | 2026-09-06 14:58:02.777 UTC [3211] LOG:  process 3211 acquired ExclusiveLock on tuple (4,94) of relation 16385 of database 16384 after 8048.902 ms
postgres-1  | 2026-09-06 14:58:02.904 UTC [3217] LOG:  process 3217 detected deadlock while waiting for ExclusiveLock on tuple (2,53) of relation 16385 of database 16384 after 1000.745 ms
postgres-1  | 2026-09-06 14:58:02.904 UTC [3217] ERROR:  deadlock detected
postgres-1  | 2026-09-06 14:58:03.783 UTC [3211] LOG:  process 3211 detected deadlock while waiting for ShareLock on transaction 3555 after 1005.794 ms
postgres-1  | 2026-09-06 14:58:03.783 UTC [3211] ERROR:  deadlock detected
postgres-1  | 2026-09-06 14:58:03.783 UTC [3206] LOG:  process 3206 still waiting for ExclusiveLock on tuple (2,53) of relation 16385 of database 16384 after 1005.833 ms
postgres-1  | 2026-09-06 14:58:03.783 UTC [3223] LOG:  process 3223 acquired ShareLock on transaction 3563 after 9057.217 ms
postgres-1  | 2026-09-06 14:58:03.784 UTC [3220] LOG:  process 3220 acquired ShareLock on transaction 3563 after 9057.268 ms
postgres-1  | 2026-09-06 14:58:03.784 UTC [3219] LOG:  process 3219 acquired ShareLock on transaction 3563 after 9057.042 ms
postgres-1  | 2026-09-06 14:58:03.784 UTC [3221] LOG:  process 3221 acquired ShareLock on transaction 3563 after 8054.604 ms
postgres-1  | 2026-09-06 14:58:03.784 UTC [3187] LOG:  process 3187 acquired ExclusiveLock on tuple (4,94) of relation 16385 of database 16384 after 8939.049 ms
postgres-1  | 2026-09-06 14:58:03.784 UTC [3185] LOG:  process 3185 acquired ShareLock on transaction 3563 after 9056.372 ms
postgres-1  | 2026-09-06 14:58:03.930 UTC [3186] LOG:  process 3186 still waiting for ExclusiveLock on tuple (4,94) of relation 16385 of database 16384 after 1000.995 ms
postgres-1  | 2026-09-06 14:58:04.071 UTC [3217] LOG:  process 3217 still waiting for ExclusiveLock on tuple (2,53) of relation 16385 of database 16384 after 1010.734 ms
postgres-1  | 2026-09-06 14:58:04.786 UTC [3187] LOG:  process 3187 detected deadlock while waiting for ShareLock on transaction 3555 after 1002.035 ms
postgres-1  | 2026-09-06 14:58:04.786 UTC [3220] LOG:  process 3220 still waiting for ExclusiveLock on tuple (3,100) of relation 16385 of database 16384 after 1002.200 ms
postgres-1  | 2026-09-06 14:58:04.786 UTC [3187] ERROR:  deadlock detected
postgres-1  | 2026-09-06 14:58:04.786 UTC [3223] LOG:  process 3223 still waiting for ShareLock on transaction 3593 after 1001.328 ms
postgres-1  | 2026-09-06 14:58:04.787 UTC [3205] LOG:  process 3205 acquired ExclusiveLock on tuple (4,94) of relation 16385 of database 16384 after 8837.814 ms
postgres-1  | 2026-09-06 14:58:04.787 UTC [3221] LOG:  process 3221 still waiting for ShareLock on transaction 3566 after 1002.930 ms
postgres-1  | 2026-09-06 14:58:04.787 UTC [3219] LOG:  process 3219 still waiting for ExclusiveLock on tuple (3,100) of relation 16385 of database 16384 after 1003.140 ms
postgres-1  | 2026-09-06 14:58:04.787 UTC [3185] LOG:  process 3185 still waiting for ShareLock on transaction 3566 after 1002.982 ms
postgres-1  | 2026-09-06 14:58:04.979 UTC [3211] LOG:  process 3211 still waiting for ExclusiveLock on tuple (3,100) of relation 16385 of database 16384 after 1009.013 ms
postgres-1  | 2026-09-06 14:58:05.789 UTC [3205] LOG:  process 3205 detected deadlock while waiting for ShareLock on transaction 3555 after 1002.753 ms
postgres-1  | 2026-09-06 14:58:05.790 UTC [3205] ERROR:  deadlock detected
postgres-1  | 2026-09-06 14:58:05.790 UTC [3208] LOG:  process 3208 acquired ExclusiveLock on tuple (4,94) of relation 16385 of database 16384 after 8039.002 ms
postgres-1  | 2026-09-06 14:58:06.008 UTC [3187] LOG:  process 3187 still waiting for ExclusiveLock on tuple (3,108) of relation 16385 of database 16384 after 1003.586 ms
postgres-1  | 2026-09-06 14:58:06.796 UTC [3208] LOG:  process 3208 detected deadlock while waiting for ShareLock on transaction 3555 after 1005.758 ms
postgres-1  | 2026-09-06 14:58:06.796 UTC [3208] ERROR:  deadlock detected
postgres-1  | 2026-09-06 14:58:06.796 UTC [3214] LOG:  process 3214 acquired ExclusiveLock on tuple (4,94) of relation 16385 of database 16384 after 7035.650 ms
postgres-1  | 2026-09-06 14:58:06.796 UTC [3209] LOG:  process 3209 acquired ShareLock on transaction 3582 after 9046.845 ms
postgres-1  | 2026-09-06 14:58:06.796 UTC [3184] LOG:  process 3184 acquired ShareLock on transaction 3582 after 9046.808 ms
postgres-1  | 2026-09-06 14:58:06.796 UTC [3215] LOG:  process 3215 acquired ShareLock on transaction 3582 after 9046.794 ms
postgres-1  | 2026-09-06 14:58:06.796 UTC [3218] LOG:  process 3218 acquired ShareLock on transaction 3582 after 9046.778 ms
postgres-1  | 2026-09-06 14:58:06.796 UTC [3222] LOG:  process 3222 acquired ShareLock on transaction 3582 after 9045.697 ms
postgres-1  | 2026-09-06 14:58:07.049 UTC [3205] LOG:  process 3205 still waiting for ExclusiveLock on tuple (1,49) of relation 16385 of database 16384 after 1006.133 ms
postgres-1  | 2026-09-06 14:58:07.797 UTC [3184] LOG:  process 3184 detected deadlock while waiting for ShareLock on transaction 3549 after 1000.703 ms
postgres-1  | 2026-09-06 14:58:07.797 UTC [3214] LOG:  process 3214 still waiting for ShareLock on transaction 3555 after 1001.008 ms
postgres-1  | 2026-09-06 14:58:07.797 UTC [3184] ERROR:  deadlock detected
postgres-1  | 2026-09-06 14:58:07.797 UTC [3222] LOG:  process 3222 still waiting for ShareLock on transaction 3549 after 1000.889 ms
postgres-1  | 2026-09-06 14:58:07.797 UTC [3215] LOG:  process 3215 still waiting for ExclusiveLock on tuple (1,49) of relation 16385 of database 16384 after 1001.084 ms
postgres-1  | 2026-09-06 14:58:07.797 UTC [3218] LOG:  process 3218 still waiting for ExclusiveLock on tuple (1,49) of relation 16385 of database 16384 after 1001.236 ms
postgres-1  | 2026-09-06 14:58:07.797 UTC [3213] LOG:  process 3213 acquired ShareLock on transaction 3572 after 6023.787 ms
postgres-1  | 2026-09-06 14:58:07.798 UTC [3209] LOG:  process 3209 still waiting for ExclusiveLock on tuple (3,108) of relation 16385 of database 16384 after 1000.345 ms
postgres-1  | 2026-09-06 14:58:07.798 UTC [3206] LOG:  process 3206 acquired ExclusiveLock on tuple (2,53) of relation 16385 of database 16384 after 5020.464 ms
postgres-1  | 2026-09-06 14:58:07.802 UTC [3223] LOG:  process 3223 acquired ShareLock on transaction 3593 after 4016.687 ms
postgres-1  | 2026-09-06 14:58:07.802 UTC [3217] LOG:  process 3217 acquired ExclusiveLock on tuple (2,53) of relation 16385 of database 16384 after 4741.727 ms
postgres-1  | 2026-09-06 14:58:07.802 UTC [3187] LOG:  process 3187 acquired ExclusiveLock on tuple (3,108) of relation 16385 of database 16384 after 2797.260 ms
postgres-1  | 2026-09-06 14:58:07.802 UTC [3209] LOG:  process 3209 acquired ExclusiveLock on tuple (3,108) of relation 16385 of database 16384 after 1004.641 ms
postgres-1  | 2026-09-06 14:58:07.805 UTC [3214] LOG:  process 3214 acquired ShareLock on transaction 3555 after 1008.792 ms
postgres-1  | 2026-09-06 14:58:07.805 UTC [3216] LOG:  process 3216 acquired ExclusiveLock on tuple (4,94) of relation 16385 of database 16384 after 7947.663 ms
postgres-1  | 2026-09-06 14:58:07.805 UTC [3186] LOG:  process 3186 acquired ExclusiveLock on tuple (4,94) of relation 16385 of database 16384 after 4876.049 ms
postgres-1  | 2026-09-06 14:58:07.809 UTC [3221] LOG:  process 3221 acquired ShareLock on transaction 3566 after 4024.852 ms
postgres-1  | 2026-09-06 14:58:07.809 UTC [3185] LOG:  process 3185 acquired ShareLock on transaction 3566 after 4024.728 ms
postgres-1  | 2026-09-06 14:58:07.809 UTC [3210] LOG:  process 3210 acquired ExclusiveLock on tuple (3,100) of relation 16385 of database 16384 after 11895.440 ms
postgres-1  | 2026-09-06 14:58:07.809 UTC [3188] LOG:  process 3188 acquired ExclusiveLock on tuple (3,100) of relation 16385 of database 16384 after 9783.758 ms
postgres-1  | 2026-09-06 14:58:07.809 UTC [3219] LOG:  process 3219 acquired ExclusiveLock on tuple (3,100) of relation 16385 of database 16384 after 4025.488 ms
postgres-1  | 2026-09-06 14:58:07.809 UTC [3220] LOG:  process 3220 acquired ExclusiveLock on tuple (3,100) of relation 16385 of database 16384 after 4025.653 ms
postgres-1  | 2026-09-06 14:58:07.810 UTC [3211] LOG:  process 3211 acquired ExclusiveLock on tuple (3,100) of relation 16385 of database 16384 after 3839.653 ms
postgres-1  | 2026-09-06 14:58:08.806 UTC [3186] LOG:  process 3186 still waiting for ShareLock on transaction 3585 after 1000.912 ms
postgres-1  | 2026-09-06 14:58:08.806 UTC [3216] LOG:  process 3216 still waiting for ShareLock on transaction 3585 after 1001.041 ms
postgres-1  | 2026-09-06 14:58:08.807 UTC [3208] LOG:  process 3208 detected deadlock while waiting for ShareLock on transaction 3596 after 1001.989 ms
postgres-1  | 2026-09-06 14:58:08.807 UTC [3208] ERROR:  deadlock detected
postgres-1  | 2026-09-06 14:58:08.810 UTC [3188] LOG:  process 3188 still waiting for ShareLock on transaction 3564 after 1000.585 ms
postgres-1  | 2026-09-06 14:58:08.810 UTC [3219] LOG:  process 3219 still waiting for ShareLock on transaction 3564 after 1000.452 ms
postgres-1  | 2026-09-06 14:58:08.810 UTC [3221] LOG:  process 3221 still waiting for ShareLock on transaction 3564 after 1001.081 ms
postgres-1  | 2026-09-06 14:58:08.810 UTC [3210] LOG:  process 3210 still waiting for ExclusiveLock on tuple (3,112) of relation 16385 of database 16384 after 1000.985 ms
postgres-1  | 2026-09-06 14:58:08.810 UTC [3220] LOG:  process 3220 still waiting for ShareLock on transaction 3564 after 1000.169 ms
postgres-1  | 2026-09-06 14:58:08.810 UTC [3209] LOG:  process 3209 still waiting for ShareLock on transaction 3598 after 1001.005 ms
postgres-1  | 2026-09-06 14:58:08.811 UTC [3217] LOG:  process 3217 detected deadlock while waiting for ShareLock on transaction 3564 after 1000.417 ms
postgres-1  | 2026-09-06 14:58:08.811 UTC [3185] LOG:  process 3185 still waiting for ShareLock on transaction 3585 after 1000.823 ms
postgres-1  | 2026-09-06 14:58:08.811 UTC [3217] ERROR:  deadlock detected
postgres-1  | 2026-09-06 14:58:08.811 UTC [3211] LOG:  process 3211 still waiting for ShareLock on transaction 3564 after 1000.668 ms
postgres-1  | 2026-09-06 14:58:08.811 UTC [3187] LOG:  process 3187 still waiting for ExclusiveLock on tuple (5,113) of relation 16385 of database 16384 after 1000.901 ms
postgres-1  | 2026-09-06 14:58:08.813 UTC [3216] LOG:  process 3216 acquired ShareLock on transaction 3585 after 1007.712 ms
postgres-1  | 2026-09-06 14:58:08.813 UTC [3207] LOG:  process 3207 acquired ShareLock on transaction 3585 after 9053.402 ms
postgres-1  | 2026-09-06 14:58:08.813 UTC [3185] LOG:  process 3185 acquired ShareLock on transaction 3585 after 1003.033 ms
postgres-1  | 2026-09-06 14:58:08.813 UTC [3186] LOG:  process 3186 acquired ShareLock on transaction 3585 after 1007.622 ms
postgres-1  | 2026-09-06 14:58:08.813 UTC [3187] LOG:  process 3187 acquired ExclusiveLock on tuple (5,113) of relation 16385 of database 16384 after 1003.044 ms
postgres-1  | 2026-09-06 14:58:08.816 UTC [3188] LOG:  process 3188 acquired ShareLock on transaction 3564 after 1006.637 ms
postgres-1  | 2026-09-06 14:58:08.816 UTC [3219] LOG:  process 3219 acquired ShareLock on transaction 3564 after 1006.479 ms
postgres-1  | 2026-09-06 14:58:08.816 UTC [3220] LOG:  process 3220 acquired ShareLock on transaction 3564 after 1006.148 ms
postgres-1  | 2026-09-06 14:58:08.816 UTC [3221] LOG:  process 3221 acquired ShareLock on transaction 3564 after 1007.039 ms
postgres-1  | 2026-09-06 14:58:08.816 UTC [3211] LOG:  process 3211 acquired ShareLock on transaction 3564 after 1005.755 ms
postgres-1  | 2026-09-06 14:58:08.816 UTC [3210] LOG:  process 3210 acquired ExclusiveLock on tuple (3,112) of relation 16385 of database 16384 after 1007.106 ms
postgres-1  | 2026-09-06 14:58:08.949 UTC [3223] LOG:  process 3223 still waiting for ShareLock on transaction 3598 after 1001.416 ms
postgres-1  | 2026-09-06 14:58:08.977 UTC [3184] LOG:  process 3184 detected deadlock while waiting for ExclusiveLock on tuple (1,49) of relation 16385 of database 16384 after 1004.321 ms
postgres-1  | 2026-09-06 14:58:08.977 UTC [3184] ERROR:  deadlock detected
postgres-1  | 2026-09-06 14:58:09.814 UTC [3187] LOG:  process 3187 detected deadlock while waiting for ShareLock on transaction 3588 after 1001.258 ms
postgres-1  | 2026-09-06 14:58:09.814 UTC [3187] ERROR:  deadlock detected
postgres-1  | 2026-09-06 14:58:09.815 UTC [3213] LOG:  process 3213 still waiting for ShareLock on transaction 3588 after 1001.754 ms
postgres-1  | 2026-09-06 14:58:09.815 UTC [3209] LOG:  process 3209 acquired ShareLock on transaction 3598 after 2006.021 ms
postgres-1  | 2026-09-06 14:58:09.815 UTC [3223] LOG:  process 3223 acquired ShareLock on transaction 3598 after 1866.985 ms
postgres-1  | 2026-09-06 14:58:09.816 UTC [3220] LOG:  process 3220 still waiting for ShareLock on transaction 3590 after 1000.169 ms
postgres-1  | 2026-09-06 14:58:09.816 UTC [3211] LOG:  process 3211 still waiting for ShareLock on transaction 3590 after 1000.263 ms
postgres-1  | 2026-09-06 14:58:09.816 UTC [3188] LOG:  process 3188 still waiting for ExclusiveLock on tuple (1,49) of relation 16385 of database 16384 after 1000.142 ms
postgres-1  | 2026-09-06 14:58:09.817 UTC [3221] LOG:  process 3221 still waiting for ShareLock on transaction 3590 after 1000.914 ms
postgres-1  | 2026-09-06 14:58:09.817 UTC [3206] LOG:  process 3206 still waiting for ShareLock on transaction 3590 after 1000.765 ms
postgres-1  | 2026-09-06 14:58:09.817 UTC [3210] LOG:  process 3210 still waiting for ShareLock on transaction 3590 after 1000.864 ms
postgres-1  | 2026-09-06 14:58:09.817 UTC [3207] LOG:  process 3207 still waiting for ShareLock on transaction 3590 after 1000.809 ms
postgres-1  | 2026-09-06 14:58:09.817 UTC [3219] LOG:  process 3219 still waiting for ShareLock on transaction 3590 after 1001.220 ms
postgres-1  | 2026-09-06 14:58:09.818 UTC [3186] LOG:  process 3186 detected deadlock while waiting for ExclusiveLock on tuple (3,113) of relation 16385 of database 16384 after 1001.363 ms
postgres-1  | 2026-09-06 14:58:09.818 UTC [3186] ERROR:  deadlock detected
postgres-1  | 2026-09-06 14:58:09.823 UTC [3222] LOG:  process 3222 acquired ShareLock on transaction 3549 after 3026.620 ms
postgres-1  | 2026-09-06 14:58:09.823 UTC [3205] LOG:  process 3205 acquired ExclusiveLock on tuple (1,49) of relation 16385 of database 16384 after 3780.495 ms
postgres-1  | 2026-09-06 14:58:09.823 UTC [3215] LOG:  process 3215 acquired ExclusiveLock on tuple (1,49) of relation 16385 of database 16384 after 3026.996 ms
postgres-1  | 2026-09-06 14:58:09.823 UTC [3218] LOG:  process 3218 acquired ExclusiveLock on tuple (1,49) of relation 16385 of database 16384 after 3027.063 ms
postgres-1  | 2026-09-06 14:58:09.823 UTC [3188] LOG:  process 3188 acquired ExclusiveLock on tuple (1,49) of relation 16385 of database 16384 after 1007.424 ms
postgres-1  | 2026-09-06 14:58:10.034 UTC [3185] LOG:  process 3185 still waiting for ShareLock on transaction 3588 after 1000.809 ms
postgres-1  | 2026-09-06 14:58:10.034 UTC [3208] LOG:  process 3208 detected deadlock while waiting for ExclusiveLock on tuple (3,115) of relation 16385 of database 16384 after 1001.012 ms
postgres-1  | 2026-09-06 14:58:10.035 UTC [3208] ERROR:  deadlock detected
postgres-1  | 2026-09-06 14:58:10.072 UTC [3214] LOG:  process 3214 detected deadlock while waiting for ShareLock on transaction 3605 after 1002.500 ms
postgres-1  | 2026-09-06 14:58:10.072 UTC [3214] ERROR:  deadlock detected
postgres-1  | 2026-09-06 14:58:10.824 UTC [3188] LOG:  process 3188 detected deadlock while waiting for ShareLock on transaction 3589 after 1001.025 ms
postgres-1  | 2026-09-06 14:58:10.824 UTC [3216] LOG:  process 3216 detected deadlock while waiting for ShareLock on transaction 3602 after 1001.502 ms
postgres-1  | 2026-09-06 14:58:10.825 UTC [3205] LOG:  process 3205 still waiting for ShareLock on transaction 3589 after 1001.400 ms
postgres-1  | 2026-09-06 14:58:10.825 UTC [3218] LOG:  process 3218 still waiting for ShareLock on transaction 3589 after 1001.259 ms
postgres-1  | 2026-09-06 14:58:10.825 UTC [3216] ERROR:  deadlock detected
postgres-1  | 2026-09-06 14:58:10.825 UTC [3188] ERROR:  deadlock detected
postgres-1  | 2026-09-06 14:58:10.825 UTC [3219] LOG:  process 3219 acquired ShareLock on transaction 3590 after 2009.337 ms
postgres-1  | 2026-09-06 14:58:10.825 UTC [3220] LOG:  process 3220 acquired ShareLock on transaction 3590 after 2009.381 ms
postgres-1  | 2026-09-06 14:58:10.825 UTC [3211] LOG:  process 3211 acquired ShareLock on transaction 3590 after 2009.418 ms
postgres-1  | 2026-09-06 14:58:10.825 UTC [3210] LOG:  process 3210 acquired ShareLock on transaction 3590 after 2009.374 ms
postgres-1  | 2026-09-06 14:58:10.825 UTC [3206] LOG:  process 3206 acquired ShareLock on transaction 3590 after 2009.386 ms
postgres-1  | 2026-09-06 14:58:10.825 UTC [3207] LOG:  process 3207 acquired ShareLock on transaction 3590 after 2009.354 ms
postgres-1  | 2026-09-06 14:58:10.825 UTC [3215] LOG:  process 3215 still waiting for ShareLock on transaction 3589 after 1002.244 ms
postgres-1  | 2026-09-06 14:58:10.826 UTC [3221] LOG:  process 3221 acquired ShareLock on transaction 3590 after 2009.459 ms
postgres-1  | 2026-09-06 14:58:10.826 UTC [3222] LOG:  process 3222 still waiting for ExclusiveLock on tuple (3,115) of relation 16385 of database 16384 after 1002.146 ms
postgres-1  | 2026-09-06 14:58:10.826 UTC [3184] LOG:  process 3184 still waiting for ShareLock on transaction 3589 after 1002.441 ms
postgres-1  | 2026-09-06 14:58:10.826 UTC [3222] LOG:  process 3222 acquired ExclusiveLock on tuple (3,115) of relation 16385 of database 16384 after 1002.186 ms
postgres-1  | 2026-09-06 14:58:11.022 UTC [3187] LOG:  process 3187 still waiting for ShareLock on transaction 3602 after 1002.632 ms
postgres-1  | 2026-09-06 14:58:11.039 UTC [3217] LOG:  process 3217 still waiting for ExclusiveLock on tuple (5,122) of relation 16385 of database 16384 after 1002.832 ms
postgres-1  | 2026-09-06 14:58:11.074 UTC [3186] LOG:  process 3186 still waiting for ExclusiveLock on tuple (3,117) of relation 16385 of database 16384 after 1002.306 ms
postgres-1  | 2026-09-06 14:58:11.121 UTC [3209] LOG:  process 3209 still waiting for ExclusiveLock on tuple (5,122) of relation 16385 of database 16384 after 1002.264 ms
postgres-1  | 2026-09-06 14:58:11.355 UTC [3208] LOG:  process 3208 still waiting for ShareLock on transaction 3609 after 1010.035 ms
postgres-1  | 2026-09-06 14:58:11.826 UTC [3221] LOG:  process 3221 still waiting for ExclusiveLock on tuple (3,115) of relation 16385 of database 16384 after 1000.448 ms
postgres-1  | 2026-09-06 14:58:11.827 UTC [3207] LOG:  process 3207 still waiting for ExclusiveLock on tuple (3,115) of relation 16385 of database 16384 after 1000.268 ms
postgres-1  | 2026-09-06 14:58:11.827 UTC [3220] LOG:  process 3220 still waiting for ExclusiveLock on tuple (3,115) of relation 16385 of database 16384 after 1000.584 ms
postgres-1  | 2026-09-06 14:58:11.827 UTC [3206] LOG:  process 3206 still waiting for ExclusiveLock on tuple (3,115) of relation 16385 of database 16384 after 1000.373 ms
postgres-1  | 2026-09-06 14:58:11.827 UTC [3222] LOG:  process 3222 detected deadlock while waiting for ShareLock on transaction 3568 after 1000.261 ms
postgres-1  | 2026-09-06 14:58:11.827 UTC [3222] ERROR:  deadlock detected
postgres-1  | 2026-09-06 14:58:11.827 UTC [3210] LOG:  process 3210 still waiting for ExclusiveLock on tuple (3,115) of relation 16385 of database 16384 after 1000.508 ms
postgres-1  | 2026-09-06 14:58:11.827 UTC [3223] LOG:  process 3223 still waiting for ExclusiveLock on tuple (2,58) of relation 16385 of database 16384 after 1000.265 ms
postgres-1  | 2026-09-06 14:58:11.827 UTC [3211] LOG:  process 3211 still waiting for ExclusiveLock on tuple (3,115) of relation 16385 of database 16384 after 1000.669 ms
postgres-1  | 2026-09-06 14:58:11.827 UTC [3205] LOG:  process 3205 acquired ShareLock on transaction 3589 after 2003.932 ms
postgres-1  | 2026-09-06 14:58:11.827 UTC [3215] LOG:  process 3215 acquired ShareLock on transaction 3589 after 2003.805 ms
postgres-1  | 2026-09-06 14:58:11.827 UTC [3218] LOG:  process 3218 acquired ShareLock on transaction 3589 after 2003.722 ms
postgres-1  | 2026-09-06 14:58:11.827 UTC [3224] LOG:  process 3224 acquired ShareLock on transaction 3589 after 12770.958 ms
postgres-1  | 2026-09-06 14:58:11.827 UTC [3212] LOG:  process 3212 acquired ShareLock on transaction 3589 after 14077.972 ms
postgres-1  | 2026-09-06 14:58:11.827 UTC [3184] LOG:  process 3184 acquired ShareLock on transaction 3589 after 2003.592 ms
postgres-1  | 2026-09-06 14:58:11.827 UTC [3221] LOG:  process 3221 acquired ExclusiveLock on tuple (3,115) of relation 16385 of database 16384 after 1001.454 ms
postgres-1  | 2026-09-06 14:58:11.827 UTC [3214] LOG:  process 3214 still waiting for ShareLock on transaction 3602 after 1001.145 ms
postgres-1  | 2026-09-06 14:58:11.828 UTC [3219] LOG:  process 3219 still waiting for ExclusiveLock on tuple (5,116) of relation 16385 of database 16384 after 1001.040 ms
postgres-1  | 2026-09-06 14:58:11.911 UTC [3216] LOG:  process 3216 still waiting for ExclusiveLock on tuple (3,115) of relation 16385 of database 16384 after 1005.627 ms
postgres-1  | 2026-09-06 14:58:12.080 UTC [3188] LOG:  process 3188 detected deadlock while waiting for ExclusiveLock on tuple (4,113) of relation 16385 of database 16384 after 1010.331 ms
postgres-1  | 2026-09-06 14:58:12.080 UTC [3188] ERROR:  deadlock detected
postgres-1  | 2026-09-06 14:58:12.828 UTC [3184] LOG:  process 3184 still waiting for ShareLock on transaction 3599 after 1000.752 ms
postgres-1  | 2026-09-06 14:58:12.828 UTC [3218] LOG:  process 3218 still waiting for ShareLock on transaction 3599 after 1001.023 ms
postgres-1  | 2026-09-06 14:58:12.829 UTC [3212] LOG:  process 3212 detected deadlock while waiting for ExclusiveLock on tuple (4,113) of relation 16385 of database 16384 after 1000.458 ms
postgres-1  | 2026-09-06 14:58:12.829 UTC [3224] LOG:  process 3224 still waiting for ShareLock on transaction 3581 after 1001.016 ms
postgres-1  | 2026-09-06 14:58:12.829 UTC [3205] LOG:  process 3205 still waiting for ExclusiveLock on tuple (2,58) of relation 16385 of database 16384 after 1000.610 ms
postgres-1  | 2026-09-06 14:58:12.829 UTC [3215] LOG:  process 3215 still waiting for ShareLock on transaction 3599 after 1001.232 ms
postgres-1  | 2026-09-06 14:58:12.829 UTC [3212] ERROR:  deadlock detected
postgres-1  | 2026-09-06 14:58:12.829 UTC [3224] LOG:  process 3224 acquired ShareLock on transaction 3581 after 1001.648 ms
postgres-1  | 2026-09-06 14:58:12.830 UTC [3219] LOG:  process 3219 acquired ExclusiveLock on tuple (5,116) of relation 16385 of database 16384 after 2003.064 ms
postgres-1  | 2026-09-06 14:58:12.834 UTC [3221] LOG:  process 3221 detected deadlock while waiting for ShareLock on transaction 3568 after 1006.957 ms
postgres-1  | 2026-09-06 14:58:12.834 UTC [3221] ERROR:  deadlock detected
postgres-1  | 2026-09-06 14:58:12.834 UTC [3220] LOG:  process 3220 acquired ExclusiveLock on tuple (3,115) of relation 16385 of database 16384 after 2008.317 ms
postgres-1  | 2026-09-06 14:58:12.941 UTC [3222] LOG:  process 3222 still waiting for ShareLock on transaction 3599 after 1009.177 ms
postgres-1  | 2026-09-06 14:58:13.387 UTC [3188] LOG:  process 3188 still waiting for ExclusiveLock on tuple (4,113) of relation 16385 of database 16384 after 1010.892 ms
postgres-1  | 2026-09-06 14:58:13.831 UTC [3219] LOG:  process 3219 detected deadlock while waiting for ShareLock on transaction 3591 after 1001.121 ms
postgres-1  | 2026-09-06 14:58:13.831 UTC [3219] ERROR:  deadlock detected
postgres-1  | 2026-09-06 14:58:13.831 UTC [3211] LOG:  process 3211 acquired ExclusiveLock on tuple (3,115) of relation 16385 of database 16384 after 3005.078 ms
postgres-1  | 2026-09-06 14:58:13.832 UTC [3224] LOG:  process 3224 detected deadlock while waiting for ShareLock on transaction 3611 after 1001.130 ms
postgres-1  | 2026-09-06 14:58:13.832 UTC [3224] ERROR:  deadlock detected
postgres-1  | 2026-09-06 14:58:13.974 UTC [3221] LOG:  process 3221 still waiting for ExclusiveLock on tuple (1,52) of relation 16385 of database 16384 after 1005.321 ms
postgres-1  | 2026-09-06 14:58:14.005 UTC [3212] LOG:  process 3212 detected deadlock while waiting for ExclusiveLock on tuple (4,113) of relation 16385 of database 16384 after 1000.735 ms
postgres-1  | 2026-09-06 14:58:14.005 UTC [3212] ERROR:  deadlock detected
postgres-1  | 2026-09-06 14:58:14.842 UTC [3211] LOG:  process 3211 detected deadlock while waiting for ShareLock on transaction 3565 after 1010.475 ms
postgres-1  | 2026-09-06 14:58:14.842 UTC [3211] ERROR:  deadlock detected
postgres-1  | 2026-09-06 14:58:14.842 UTC [3220] LOG:  process 3220 still waiting for ExclusiveLock on tuple (4,113) of relation 16385 of database 16384 after 1010.024 ms
postgres-1  | 2026-09-06 14:58:14.842 UTC [3210] LOG:  process 3210 acquired ExclusiveLock on tuple (3,115) of relation 16385 of database 16384 after 4016.197 ms
postgres-1  | 2026-09-06 14:58:15.044 UTC [3224] LOG:  process 3224 still waiting for ExclusiveLock on tuple (1,52) of relation 16385 of database 16384 after 1010.854 ms
postgres-1  | 2026-09-06 14:58:15.063 UTC [3219] LOG:  process 3219 still waiting for ExclusiveLock on tuple (5,122) of relation 16385 of database 16384 after 1004.492 ms
postgres-1  | 2026-09-06 14:58:15.228 UTC [3212] LOG:  process 3212 still waiting for ExclusiveLock on tuple (4,113) of relation 16385 of database 16384 after 1010.280 ms
postgres-1  | 2026-09-06 14:58:15.844 UTC [3210] LOG:  process 3210 detected deadlock while waiting for ShareLock on transaction 3565 after 1001.525 ms
postgres-1  | 2026-09-06 14:58:15.844 UTC [3210] ERROR:  deadlock detected
postgres-1  | 2026-09-06 14:58:15.844 UTC [3206] LOG:  process 3206 acquired ExclusiveLock on tuple (3,115) of relation 16385 of database 16384 after 5018.079 ms
postgres-1  | 2026-09-06 14:58:16.120 UTC [3211] LOG:  process 3211 still waiting for ExclusiveLock on tuple (3,117) of relation 16385 of database 16384 after 1005.182 ms
postgres-1  | 2026-09-06 14:58:16.855 UTC [3206] LOG:  process 3206 detected deadlock while waiting for ShareLock on transaction 3565 after 1010.278 ms
postgres-1  | 2026-09-06 14:58:16.855 UTC [3206] ERROR:  deadlock detected
postgres-1  | 2026-09-06 14:58:16.856 UTC [3207] LOG:  process 3207 acquired ExclusiveLock on tuple (3,115) of relation 16385 of database 16384 after 6029.161 ms
postgres-1  | 2026-09-06 14:58:17.153 UTC [3210] LOG:  process 3210 still waiting for ExclusiveLock on tuple (3,117) of relation 16385 of database 16384 after 1010.906 ms
postgres-1  | 2026-09-06 14:58:17.867 UTC [3207] LOG:  process 3207 detected deadlock while waiting for ShareLock on transaction 3565 after 1010.965 ms
postgres-1  | 2026-09-06 14:58:17.867 UTC [3207] ERROR:  deadlock detected
postgres-1  | 2026-09-06 14:58:17.867 UTC [3216] LOG:  process 3216 acquired ExclusiveLock on tuple (3,115) of relation 16385 of database 16384 after 6962.007 ms
postgres-1  | 2026-09-06 14:58:17.867 UTC [3213] LOG:  process 3213 acquired ShareLock on transaction 3588 after 9054.392 ms
postgres-1  | 2026-09-06 14:58:17.867 UTC [3185] LOG:  process 3185 acquired ShareLock on transaction 3588 after 8834.049 ms
postgres-1  | 2026-09-06 14:58:18.008 UTC [3206] LOG:  process 3206 still waiting for ExclusiveLock on tuple (3,115) of relation 16385 of database 16384 after 1002.075 ms
postgres-1  | 2026-09-06 14:58:18.874 UTC [3213] LOG:  process 3213 detected deadlock while waiting for ShareLock on transaction 3611 after 1005.039 ms
postgres-1  | 2026-09-06 14:58:18.874 UTC [3213] ERROR:  deadlock detected
postgres-1  | 2026-09-06 14:58:18.874 UTC [3185] LOG:  process 3185 still waiting for ShareLock on transaction 3604 after 1006.692 ms
postgres-1  | 2026-09-06 14:58:18.874 UTC [3185] LOG:  process 3185 acquired ShareLock on transaction 3604 after 1006.755 ms
postgres-1  | 2026-09-06 14:58:18.875 UTC [3217] LOG:  process 3217 acquired ExclusiveLock on tuple (5,122) of relation 16385 of database 16384 after 8838.881 ms
postgres-1  | 2026-09-06 14:58:18.875 UTC [3216] LOG:  process 3216 still waiting for ShareLock on transaction 3565 after 1007.249 ms
postgres-1  | 2026-09-06 14:58:18.964 UTC [3207] LOG:  process 3207 still waiting for ExclusiveLock on tuple (2,58) of relation 16385 of database 16384 after 1010.861 ms
postgres-1  | 2026-09-06 14:58:19.879 UTC [3217] LOG:  process 3217 detected deadlock while waiting for ShareLock on transaction 3607 after 1004.005 ms
postgres-1  | 2026-09-06 14:58:19.879 UTC [3217] ERROR:  deadlock detected
postgres-1  | 2026-09-06 14:58:19.879 UTC [3208] LOG:  process 3208 acquired ShareLock on transaction 3609 after 9533.997 ms
postgres-1  | 2026-09-06 14:58:19.879 UTC [3209] LOG:  process 3209 acquired ExclusiveLock on tuple (5,122) of relation 16385 of database 16384 after 9761.124 ms
postgres-1  | 2026-09-06 14:58:19.880 UTC [3185] LOG:  process 3185 still waiting for ExclusiveLock on tuple (3,115) of relation 16385 of database 16384 after 1003.932 ms
postgres-1  | 2026-09-06 14:58:19.880 UTC [3223] LOG:  process 3223 acquired ExclusiveLock on tuple (2,58) of relation 16385 of database 16384 after 9053.332 ms
postgres-1  | 2026-09-06 14:58:19.993 UTC [3213] LOG:  process 3213 detected deadlock while waiting for ExclusiveLock on tuple (3,115) of relation 16385 of database 16384 after 1001.699 ms
postgres-1  | 2026-09-06 14:58:19.993 UTC [3213] ERROR:  deadlock detected
postgres-1  | 2026-09-06 14:58:20.882 UTC [3223] LOG:  process 3223 detected deadlock while waiting for ShareLock on transaction 3614 after 1002.025 ms
postgres-1  | 2026-09-06 14:58:20.882 UTC [3209] LOG:  process 3209 still waiting for ShareLock on transaction 3607 after 1002.581 ms
postgres-1  | 2026-09-06 14:58:20.882 UTC [3223] ERROR:  deadlock detected
postgres-1  | 2026-09-06 14:58:20.882 UTC [3208] LOG:  process 3208 still waiting for ExclusiveLock on tuple (3,115) of relation 16385 of database 16384 after 1001.154 ms
postgres-1  | 2026-09-06 14:58:20.882 UTC [3187] LOG:  process 3187 acquired ShareLock on transaction 3602 after 10862.836 ms
postgres-1  | 2026-09-06 14:58:20.883 UTC [3205] LOG:  process 3205 acquired ExclusiveLock on tuple (2,58) of relation 16385 of database 16384 after 9054.409 ms
postgres-1  | 2026-09-06 14:58:20.883 UTC [3214] LOG:  process 3214 acquired ShareLock on transaction 3602 after 10056.537 ms
postgres-1  | 2026-09-06 14:58:20.883 UTC [3186] LOG:  process 3186 acquired ExclusiveLock on tuple (3,117) of relation 16385 of database 16384 after 10811.182 ms
postgres-1  | 2026-09-06 14:58:20.883 UTC [3188] LOG:  process 3188 acquired ExclusiveLock on tuple (4,113) of relation 16385 of database 16384 after 8507.581 ms
postgres-1  | 2026-09-06 14:58:21.028 UTC [3217] LOG:  process 3217 still waiting for ExclusiveLock on tuple (2,58) of relation 16385 of database 16384 after 1001.013 ms
postgres-1  | 2026-09-06 14:58:21.145 UTC [3213] LOG:  process 3213 still waiting for ExclusiveLock on tuple (3,115) of relation 16385 of database 16384 after 1008.086 ms
postgres-1  | 2026-09-06 14:58:21.885 UTC [3187] LOG:  process 3187 detected deadlock while waiting for ShareLock on transaction 3565 after 1001.606 ms
postgres-1  | 2026-09-06 14:58:21.885 UTC [3214] LOG:  process 3214 still waiting for ExclusiveLock on tuple (3,117) of relation 16385 of database 16384 after 1001.407 ms
postgres-1  | 2026-09-06 14:58:21.885 UTC [3187] ERROR:  deadlock detected
postgres-1  | 2026-09-06 14:58:21.886 UTC [3211] LOG:  process 3211 acquired ExclusiveLock on tuple (3,117) of relation 16385 of database 16384 after 6770.941 ms
postgres-1  | 2026-09-06 14:58:21.887 UTC [3205] LOG:  process 3205 still waiting for ShareLock on transaction 3614 after 1004.105 ms
postgres-1  | 2026-09-06 14:58:21.887 UTC [3188] LOG:  process 3188 still waiting for ShareLock on transaction 3615 after 1003.501 ms
postgres-1  | 2026-09-06 14:58:22.059 UTC [3223] LOG:  process 3223 still waiting for ExclusiveLock on tuple (3,115) of relation 16385 of database 16384 after 1000.817 ms
postgres-1  | 2026-09-06 14:58:22.891 UTC [3211] LOG:  process 3211 detected deadlock while waiting for ShareLock on transaction 3612 after 1004.332 ms
postgres-1  | 2026-09-06 14:58:22.891 UTC [3211] ERROR:  deadlock detected
postgres-1  | 2026-09-06 14:58:22.891 UTC [3210] LOG:  process 3210 acquired ExclusiveLock on tuple (3,117) of relation 16385 of database 16384 after 6749.407 ms
postgres-1  | 2026-09-06 14:58:22.892 UTC [3186] LOG:  process 3186 detected deadlock while waiting for ExclusiveLock on tuple (5,122) of relation 16385 of database 16384 after 1004.335 ms
postgres-1  | 2026-09-06 14:58:22.892 UTC [3186] ERROR:  deadlock detected
postgres-1  | 2026-09-06 14:58:22.892 UTC [3214] LOG:  process 3214 acquired ExclusiveLock on tuple (3,117) of relation 16385 of database 16384 after 2008.216 ms
postgres-1  | 2026-09-06 14:58:23.097 UTC [3187] LOG:  process 3187 still waiting for ExclusiveLock on tuple (3,117) of relation 16385 of database 16384 after 1002.113 ms
postgres-1  | 2026-09-06 14:58:23.897 UTC [3214] LOG:  process 3214 detected deadlock while waiting for ShareLock on transaction 3626 after 1004.630 ms
postgres-1  | 2026-09-06 14:58:23.897 UTC [3214] ERROR:  deadlock detected
postgres-1  | 2026-09-06 14:58:23.897 UTC [3187] LOG:  process 3187 acquired ExclusiveLock on tuple (3,117) of relation 16385 of database 16384 after 1802.148 ms
postgres-1  | 2026-09-06 14:58:23.897 UTC [3188] LOG:  process 3188 acquired ShareLock on transaction 3615 after 3014.135 ms
postgres-1  | 2026-09-06 14:58:23.898 UTC [3220] LOG:  process 3220 acquired ExclusiveLock on tuple (4,113) of relation 16385 of database 16384 after 10065.464 ms
postgres-1  | 2026-09-06 14:58:23.898 UTC [3210] LOG:  process 3210 still waiting for ExclusiveLock on tuple (2,58) of relation 16385 of database 16384 after 1003.868 ms
postgres-1  | 2026-09-06 14:58:24.136 UTC [3186] LOG:  process 3186 still waiting for ShareLock on transaction 3565 after 1001.844 ms
postgres-1  | 2026-09-06 14:58:24.192 UTC [3211] LOG:  process 3211 detected deadlock while waiting for ExclusiveLock on tuple (3,117) of relation 16385 of database 16384 after 1001.606 ms
postgres-1  | 2026-09-06 14:58:24.192 UTC [3211] ERROR:  deadlock detected
postgres-1  | 2026-09-06 14:58:24.898 UTC [3187] LOG:  process 3187 detected deadlock while waiting for ShareLock on transaction 3626 after 1000.622 ms
postgres-1  | 2026-09-06 14:58:24.898 UTC [3220] LOG:  process 3220 still waiting for ShareLock on transaction 3619 after 1000.339 ms
postgres-1  | 2026-09-06 14:58:24.898 UTC [3187] ERROR:  deadlock detected
postgres-1  | 2026-09-06 14:58:25.178 UTC [3214] LOG:  process 3214 still waiting for ExclusiveLock on tuple (1,52) of relation 16385 of database 16384 after 1008.883 ms
postgres-1  | 2026-09-06 14:58:25.564 UTC [3211] LOG:  process 3211 still waiting for ExclusiveLock on tuple (3,117) of relation 16385 of database 16384 after 1001.938 ms
postgres-1  | 2026-09-06 14:58:25.899 UTC [3188] LOG:  process 3188 detected deadlock while waiting for ShareLock on transaction 3626 after 1000.596 ms
postgres-1  | 2026-09-06 14:58:25.900 UTC [3188] ERROR:  deadlock detected
postgres-1  | 2026-09-06 14:58:25.900 UTC [3211] LOG:  process 3211 acquired ExclusiveLock on tuple (3,117) of relation 16385 of database 16384 after 1337.744 ms
postgres-1  | 2026-09-06 14:58:25.900 UTC [3220] LOG:  process 3220 acquired ShareLock on transaction 3619 after 2002.134 ms
postgres-1  | 2026-09-06 14:58:25.900 UTC [3212] LOG:  process 3212 acquired ExclusiveLock on tuple (4,113) of relation 16385 of database 16384 after 11682.036 ms
postgres-1  | 2026-09-06 14:58:25.907 UTC [3216] LOG:  process 3216 acquired ShareLock on transaction 3565 after 8040.007 ms
postgres-1  | 2026-09-06 14:58:25.907 UTC [3186] LOG:  process 3186 acquired ShareLock on transaction 3565 after 2773.342 ms
postgres-1  | 2026-09-06 14:58:25.908 UTC [3206] LOG:  process 3206 acquired ExclusiveLock on tuple (3,115) of relation 16385 of database 16384 after 8901.499 ms
postgres-1  | 2026-09-06 14:58:25.908 UTC [3185] LOG:  process 3185 acquired ExclusiveLock on tuple (3,115) of relation 16385 of database 16384 after 7032.033 ms
postgres-1  | 2026-09-06 14:58:25.908 UTC [3208] LOG:  process 3208 acquired ExclusiveLock on tuple (3,115) of relation 16385 of database 16384 after 6026.812 ms
postgres-1  | 2026-09-06 14:58:25.908 UTC [3213] LOG:  process 3213 acquired ExclusiveLock on tuple (3,115) of relation 16385 of database 16384 after 5771.247 ms
postgres-1  | 2026-09-06 14:58:25.908 UTC [3223] LOG:  process 3223 acquired ExclusiveLock on tuple (3,115) of relation 16385 of database 16384 after 4849.858 ms
postgres-1  | 2026-09-06 14:58:26.152 UTC [3187] LOG:  process 3187 still waiting for ExclusiveLock on tuple (3,117) of relation 16385 of database 16384 after 1001.000 ms
postgres-1  | 2026-09-06 14:58:26.903 UTC [3211] LOG:  process 3211 still waiting for ShareLock on transaction 3626 after 1003.174 ms
postgres-1  | 2026-09-06 14:58:26.927 UTC [3185] LOG:  process 3185 detected deadlock while waiting for ShareLock on transaction 3632 after 1003.084 ms
postgres-1  | 2026-09-06 14:58:26.927 UTC [3185] ERROR:  deadlock detected
postgres-1  | 2026-09-06 14:58:26.927 UTC [3206] LOG:  process 3206 still waiting for ShareLock on transaction 3632 after 1003.248 ms
postgres-1  | 2026-09-06 14:58:26.928 UTC [3223] LOG:  process 3223 still waiting for ExclusiveLock on tuple (5,122) of relation 16385 of database 16384 after 1003.005 ms
postgres-1  | 2026-09-06 14:58:26.928 UTC [3209] LOG:  process 3209 acquired ShareLock on transaction 3607 after 7048.221 ms
postgres-1  | 2026-09-06 14:58:26.928 UTC [3219] LOG:  process 3219 acquired ExclusiveLock on tuple (5,122) of relation 16385 of database 16384 after 12869.371 ms
postgres-1  | 2026-09-06 14:58:26.928 UTC [3208] LOG:  process 3208 still waiting for ShareLock on transaction 3632 after 1004.229 ms
postgres-1  | 2026-09-06 14:58:27.013 UTC [3186] LOG:  process 3186 still waiting for ExclusiveLock on tuple (5,122) of relation 16385 of database 16384 after 1005.625 ms
postgres-1  | 2026-09-06 14:58:27.048 UTC [3220] LOG:  process 3220 still waiting for ShareLock on transaction 3642 after 1006.009 ms
postgres-1  | 2026-09-06 14:58:27.081 UTC [3216] LOG:  process 3216 still waiting for ExclusiveLock on tuple (4,1) of relation 16385 of database 16384 after 1006.754 ms
postgres-1  | 2026-09-06 14:58:27.112 UTC [3213] LOG:  process 3213 still waiting for ShareLock on transaction 3632 after 1007.530 ms
postgres-1  | 2026-09-06 14:58:27.138 UTC [3212] LOG:  process 3212 detected deadlock while waiting for ExclusiveLock on tuple (2,58) of relation 16385 of database 16384 after 1000.641 ms
postgres-1  | 2026-09-06 14:58:27.138 UTC [3212] ERROR:  deadlock detected
postgres-1  | 2026-09-06 14:58:27.206 UTC [3188] LOG:  process 3188 still waiting for ExclusiveLock on tuple (4,1) of relation 16385 of database 16384 after 1001.894 ms
postgres-1  | 2026-09-06 14:58:27.931 UTC [3209] LOG:  process 3209 detected deadlock while waiting for ExclusiveLock on tuple (2,58) of relation 16385 of database 16384 after 1000.930 ms
postgres-1  | 2026-09-06 14:58:27.931 UTC [3209] ERROR:  deadlock detected
postgres-1  | 2026-09-06 14:58:27.931 UTC [3219] LOG:  process 3219 still waiting for ShareLock on transaction 3613 after 1002.985 ms
postgres-1  | 2026-09-06 14:58:27.931 UTC [3219] LOG:  process 3219 acquired ShareLock on transaction 3613 after 1003.305 ms
postgres-1  | 2026-09-06 14:58:27.932 UTC [3223] LOG:  process 3223 acquired ExclusiveLock on tuple (5,122) of relation 16385 of database 16384 after 2007.012 ms
postgres-1  | 2026-09-06 14:58:28.175 UTC [3185] LOG:  process 3185 still waiting for ExclusiveLock on tuple (3,117) of relation 16385 of database 16384 after 1000.355 ms
postgres-1  | 2026-09-06 14:58:28.404 UTC [3212] LOG:  process 3212 still waiting for ExclusiveLock on tuple (2,58) of relation 16385 of database 16384 after 1005.553 ms
postgres-1  | 2026-09-06 14:58:28.942 UTC [3223] LOG:  process 3223 detected deadlock while waiting for ShareLock on transaction 3623 after 1009.836 ms
postgres-1  | 2026-09-06 14:58:28.942 UTC [3223] ERROR:  deadlock detected
postgres-1  | 2026-09-06 14:58:28.942 UTC [3219] LOG:  process 3219 still waiting for ExclusiveLock on tuple (3,126) of relation 16385 of database 16384 after 1008.825 ms
postgres-1  | 2026-09-06 14:58:28.942 UTC [3186] LOG:  process 3186 acquired ExclusiveLock on tuple (5,122) of relation 16385 of database 16384 after 2934.710 ms
postgres-1  | 2026-09-06 14:58:28.942 UTC [3208] LOG:  process 3208 acquired ShareLock on transaction 3632 after 3018.115 ms
postgres-1  | 2026-09-06 14:58:28.942 UTC [3206] LOG:  process 3206 acquired ShareLock on transaction 3632 after 3018.112 ms
postgres-1  | 2026-09-06 14:58:28.942 UTC [3213] LOG:  process 3213 acquired ShareLock on transaction 3632 after 2837.959 ms
postgres-1  | 2026-09-06 14:58:28.948 UTC [3205] LOG:  process 3205 acquired ShareLock on transaction 3614 after 8064.970 ms
postgres-1  | 2026-09-06 14:58:28.948 UTC [3219] LOG:  process 3219 acquired ExclusiveLock on tuple (3,126) of relation 16385 of database 16384 after 1014.646 ms
postgres-1  | 2026-09-06 14:58:28.948 UTC [3207] LOG:  process 3207 acquired ExclusiveLock on tuple (2,58) of relation 16385 of database 16384 after 10994.974 ms
postgres-1  | 2026-09-06 14:58:28.948 UTC [3217] LOG:  process 3217 acquired ExclusiveLock on tuple (2,58) of relation 16385 of database 16384 after 8921.005 ms
postgres-1  | 2026-09-06 14:58:28.948 UTC [3210] LOG:  process 3210 acquired ExclusiveLock on tuple (2,58) of relation 16385 of database 16384 after 6054.211 ms
postgres-1  | 2026-09-06 14:58:28.948 UTC [3212] LOG:  process 3212 acquired ExclusiveLock on tuple (2,58) of relation 16385 of database 16384 after 1550.023 ms
postgres-1  | 2026-09-06 14:58:28.952 UTC [3222] LOG:  process 3222 acquired ShareLock on transaction 3599 after 17020.078 ms
postgres-1  | 2026-09-06 14:58:28.952 UTC [3184] LOG:  process 3184 acquired ShareLock on transaction 3599 after 17124.555 ms
postgres-1  | 2026-09-06 14:58:28.952 UTC [3215] LOG:  process 3215 acquired ShareLock on transaction 3599 after 17124.063 ms
postgres-1  | 2026-09-06 14:58:28.952 UTC [3218] LOG:  process 3218 acquired ShareLock on transaction 3599 after 17124.446 ms
postgres-1  | 2026-09-06 14:58:28.952 UTC [3221] LOG:  process 3221 acquired ExclusiveLock on tuple (1,52) of relation 16385 of database 16384 after 15982.968 ms
postgres-1  | 2026-09-06 14:58:28.952 UTC [3224] LOG:  process 3224 acquired ExclusiveLock on tuple (1,52) of relation 16385 of database 16384 after 14919.199 ms
postgres-1  | 2026-09-06 14:58:28.952 UTC [3214] LOG:  process 3214 acquired ExclusiveLock on tuple (1,52) of relation 16385 of database 16384 after 4783.347 ms
postgres-1  | 2026-09-06 14:58:29.216 UTC [3209] LOG:  process 3209 still waiting for ExclusiveLock on tuple (4,1) of relation 16385 of database 16384 after 1005.118 ms
postgres-1  | 2026-09-06 14:58:29.945 UTC [3186] LOG:  process 3186 detected deadlock while waiting for ShareLock on transaction 3623 after 1002.333 ms
postgres-1  | 2026-09-06 14:58:29.945 UTC [3186] ERROR:  deadlock detected
postgres-1  | 2026-09-06 14:58:29.945 UTC [3220] LOG:  process 3220 acquired ShareLock on transaction 3642 after 3902.798 ms
postgres-1  | 2026-09-06 14:58:29.945 UTC [3216] LOG:  process 3216 acquired ExclusiveLock on tuple (4,1) of relation 16385 of database 16384 after 3870.984 ms
postgres-1  | 2026-09-06 14:58:29.948 UTC [3219] LOG:  process 3219 detected deadlock while waiting for ShareLock on transaction 3645 after 1000.223 ms
postgres-1  | 2026-09-06 14:58:29.948 UTC [3219] ERROR:  deadlock detected
postgres-1  | 2026-09-06 14:58:29.949 UTC [3206] LOG:  process 3206 still waiting for ShareLock on transaction 3645 after 1001.128 ms
postgres-1  | 2026-09-06 14:58:29.950 UTC [3188] LOG:  process 3188 acquired ExclusiveLock on tuple (4,1) of relation 16385 of database 16384 after 3746.138 ms
postgres-1  | 2026-09-06 14:58:29.951 UTC [3209] LOG:  process 3209 acquired ExclusiveLock on tuple (4,1) of relation 16385 of database 16384 after 1739.959 ms
postgres-1  | 2026-09-06 14:58:29.952 UTC [3206] LOG:  process 3206 acquired ShareLock on transaction 3645 after 1004.132 ms
postgres-1  | 2026-09-06 14:58:29.952 UTC [3210] LOG:  process 3210 detected deadlock while waiting for ShareLock on transaction 3630 after 1000.459 ms
postgres-1  | 2026-09-06 14:58:29.952 UTC [3210] ERROR:  deadlock detected
postgres-1  | 2026-09-06 14:58:29.953 UTC [3211] LOG:  process 3211 acquired ShareLock on transaction 3626 after 4053.398 ms
postgres-1  | 2026-09-06 14:58:29.954 UTC [3215] LOG:  process 3215 still waiting for ShareLock on transaction 3618 after 1001.596 ms
postgres-1  | 2026-09-06 14:58:29.954 UTC [3218] LOG:  process 3218 still waiting for ShareLock on transaction 3618 after 1001.583 ms
postgres-1  | 2026-09-06 14:58:29.954 UTC [3221] LOG:  process 3221 still waiting for ShareLock on transaction 3618 after 1001.531 ms
postgres-1  | 2026-09-06 14:58:29.954 UTC [3207] LOG:  process 3207 still waiting for ShareLock on transaction 3630 after 1001.612 ms
postgres-1  | 2026-09-06 14:58:29.954 UTC [3184] LOG:  process 3184 still waiting for ShareLock on transaction 3618 after 1001.855 ms
postgres-1  | 2026-09-06 14:58:29.954 UTC [3214] LOG:  process 3214 still waiting for ShareLock on transaction 3618 after 1001.699 ms
postgres-1  | 2026-09-06 14:58:29.954 UTC [3224] LOG:  process 3224 still waiting for ShareLock on transaction 3618 after 1001.873 ms
postgres-1  | 2026-09-06 14:58:29.954 UTC [3222] LOG:  process 3222 still waiting for ExclusiveLock on tuple (3,117) of relation 16385 of database 16384 after 1001.198 ms
postgres-1  | 2026-09-06 14:58:29.954 UTC [3187] LOG:  process 3187 acquired ExclusiveLock on tuple (3,117) of relation 16385 of database 16384 after 4802.758 ms
postgres-1  | 2026-09-06 14:58:29.954 UTC [3217] LOG:  process 3217 still waiting for ExclusiveLock on tuple (3,117) of relation 16385 of database 16384 after 1001.584 ms
postgres-1  | 2026-09-06 14:58:30.953 UTC [3216] LOG:  process 3216 detected deadlock while waiting for ShareLock on transaction 3653 after 1000.228 ms
postgres-1  | 2026-09-06 14:58:30.953 UTC [3188] LOG:  process 3188 still waiting for ShareLock on transaction 3644 after 1002.077 ms
postgres-1  | 2026-09-06 14:58:30.953 UTC [3209] LOG:  process 3209 still waiting for ShareLock on transaction 3644 after 1001.966 ms
postgres-1  | 2026-09-06 14:58:30.953 UTC [3216] ERROR:  deadlock detected
postgres-1  | 2026-09-06 14:58:30.953 UTC [3188] LOG:  process 3188 acquired ShareLock on transaction 3644 after 1002.206 ms
postgres-1  | 2026-09-06 14:58:30.953 UTC [3209] LOG:  process 3209 acquired ShareLock on transaction 3644 after 1002.105 ms
postgres-1  | 2026-09-06 14:58:30.953 UTC [3223] LOG:  process 3223 still waiting for ShareLock on transaction 3627 after 1000.772 ms
postgres-1  | 2026-09-06 14:58:30.954 UTC [3206] LOG:  process 3206 detected deadlock while waiting for ShareLock on transaction 3653 after 1000.835 ms
postgres-1  | 2026-09-06 14:58:30.954 UTC [3206] ERROR:  deadlock detected
postgres-1  | 2026-09-06 14:58:30.954 UTC [3223] LOG:  process 3223 acquired ShareLock on transaction 3627 after 1002.198 ms
postgres-1  | 2026-09-06 14:58:30.955 UTC [3212] LOG:  process 3212 still waiting for ShareLock on transaction 3630 after 1000.962 ms
postgres-1  | 2026-09-06 14:58:30.955 UTC [3208] LOG:  process 3208 still waiting for ShareLock on transaction 3618 after 1000.801 ms
postgres-1  | 2026-09-06 14:58:30.955 UTC [3187] LOG:  process 3187 detected deadlock while waiting for ShareLock on transaction 3640 after 1000.921 ms
postgres-1  | 2026-09-06 14:58:30.955 UTC [3187] ERROR:  deadlock detected
postgres-1  | 2026-09-06 14:58:30.955 UTC [3185] LOG:  process 3185 acquired ExclusiveLock on tuple (3,117) of relation 16385 of database 16384 after 3780.341 ms
postgres-1  | 2026-09-06 14:58:31.093 UTC [3186] LOG:  process 3186 still waiting for ExclusiveLock on tuple (4,3) of relation 16385 of database 16384 after 1002.160 ms
postgres-1  | 2026-09-06 14:58:31.093 UTC [3210] LOG:  process 3210 still waiting for ExclusiveLock on tuple (1,54) of relation 16385 of database 16384 after 1001.129 ms
postgres-1  | 2026-09-06 14:58:31.126 UTC [3213] LOG:  process 3213 still waiting for ExclusiveLock on tuple (2,62) of relation 16385 of database 16384 after 1011.090 ms
postgres-1  | 2026-09-06 14:58:31.156 UTC [3220] LOG:  process 3220 still waiting for ExclusiveLock on tuple (4,3) of relation 16385 of database 16384 after 1001.522 ms
postgres-1  | 2026-09-06 14:58:31.191 UTC [3219] LOG:  process 3219 still waiting for ExclusiveLock on tuple (1,54) of relation 16385 of database 16384 after 1001.295 ms
postgres-1  | 2026-09-06 14:58:31.954 UTC [3205] LOG:  process 3205 detected deadlock while waiting for ShareLock on transaction 3650 after 1000.871 ms
postgres-1  | 2026-09-06 14:58:31.954 UTC [3205] ERROR:  deadlock detected
postgres-1  | 2026-09-06 14:58:31.954 UTC [3188] LOG:  process 3188 still waiting for ExclusiveLock on tuple (4,3) of relation 16385 of database 16384 after 1001.087 ms
postgres-1  | 2026-09-06 14:58:31.954 UTC [3186] LOG:  process 3186 acquired ExclusiveLock on tuple (4,3) of relation 16385 of database 16384 after 1863.165 ms
postgres-1  | 2026-09-06 14:58:31.954 UTC [3209] LOG:  process 3209 still waiting for ExclusiveLock on tuple (3,117) of relation 16385 of database 16384 after 1000.981 ms
postgres-1  | 2026-09-06 14:58:31.955 UTC [3223] LOG:  process 3223 still waiting for ShareLock on transaction 3651 after 1000.493 ms
postgres-1  | 2026-09-06 14:58:31.957 UTC [3185] LOG:  process 3185 detected deadlock while waiting for ShareLock on transaction 3640 after 1001.612 ms
postgres-1  | 2026-09-06 14:58:31.957 UTC [3185] ERROR:  deadlock detected
postgres-1  | 2026-09-06 14:58:31.957 UTC [3217] LOG:  process 3217 acquired ExclusiveLock on tuple (3,117) of relation 16385 of database 16384 after 3004.462 ms
postgres-1  | 2026-09-06 14:58:32.155 UTC [3206] LOG:  process 3206 still waiting for ExclusiveLock on tuple (4,3) of relation 16385 of database 16384 after 1006.951 ms
postgres-1  | 2026-09-06 14:58:32.214 UTC [3187] LOG:  process 3187 still waiting for ExclusiveLock on tuple (1,54) of relation 16385 of database 16384 after 1003.293 ms
postgres-1  | 2026-09-06 14:58:32.272 UTC [3216] LOG:  process 3216 still waiting for ExclusiveLock on tuple (3,117) of relation 16385 of database 16384 after 1007.083 ms
postgres-1  | 2026-09-06 14:58:32.958 UTC [3186] LOG:  process 3186 still waiting for ShareLock on transaction 3650 after 1003.548 ms
postgres-1  | 2026-09-06 14:58:32.958 UTC [3211] LOG:  process 3211 detected deadlock while waiting for ShareLock on transaction 3652 after 1002.893 ms
postgres-1  | 2026-09-06 14:58:32.958 UTC [3211] ERROR:  deadlock detected
postgres-1  | 2026-09-06 14:58:32.958 UTC [3217] LOG:  process 3217 still waiting for ShareLock on transaction 3640 after 1001.076 ms
postgres-1  | 2026-09-06 14:58:32.959 UTC [3217] LOG:  process 3217 acquired ShareLock on transaction 3640 after 1001.661 ms
postgres-1  | 2026-09-06 14:58:32.959 UTC [3222] LOG:  process 3222 acquired ExclusiveLock on tuple (3,117) of relation 16385 of database 16384 after 4006.500 ms
postgres-1  | 2026-09-06 14:58:33.257 UTC [3205] LOG:  process 3205 still waiting for ExclusiveLock on tuple (3,117) of relation 16385 of database 16384 after 1010.791 ms
postgres-1  | 2026-09-06 14:58:33.960 UTC [3222] LOG:  process 3222 detected deadlock while waiting for ShareLock on transaction 3630 after 1000.994 ms
postgres-1  | 2026-09-06 14:58:33.961 UTC [3222] ERROR:  deadlock detected
postgres-1  | 2026-09-06 14:58:33.961 UTC [3184] LOG:  process 3184 acquired ShareLock on transaction 3618 after 5009.063 ms
postgres-1  | 2026-09-06 14:58:33.961 UTC [3218] LOG:  process 3218 acquired ShareLock on transaction 3618 after 5009.028 ms
postgres-1  | 2026-09-06 14:58:33.961 UTC [3221] LOG:  process 3221 acquired ShareLock on transaction 3618 after 5009.010 ms
postgres-1  | 2026-09-06 14:58:33.961 UTC [3214] LOG:  process 3214 acquired ShareLock on transaction 3618 after 5008.894 ms
postgres-1  | 2026-09-06 14:58:33.961 UTC [3208] LOG:  process 3208 acquired ShareLock on transaction 3618 after 4006.944 ms
postgres-1  | 2026-09-06 14:58:33.961 UTC [3215] LOG:  process 3215 acquired ShareLock on transaction 3618 after 5009.003 ms
postgres-1  | 2026-09-06 14:58:33.961 UTC [3224] LOG:  process 3224 acquired ShareLock on transaction 3618 after 5009.153 ms
postgres-1  | 2026-09-06 14:58:33.961 UTC [3185] LOG:  process 3185 still waiting for ExclusiveLock on tuple (4,3) of relation 16385 of database 16384 after 1000.926 ms
postgres-1  | 2026-09-06 14:58:33.961 UTC [3209] LOG:  process 3209 acquired ExclusiveLock on tuple (3,117) of relation 16385 of database 16384 after 3007.959 ms
postgres-1  | 2026-09-06 14:58:33.962 UTC [3217] LOG:  process 3217 detected deadlock while waiting for ExclusiveLock on tuple (4,3) of relation 16385 of database 16384 after 1000.791 ms
postgres-1  | 2026-09-06 14:58:33.962 UTC [3217] ERROR:  deadlock detected
postgres-1  | 2026-09-06 14:58:33.962 UTC [3207] LOG:  process 3207 acquired ShareLock on transaction 3630 after 5010.474 ms
postgres-1  | 2026-09-06 14:58:33.962 UTC [3212] LOG:  process 3212 acquired ShareLock on transaction 3630 after 4008.487 ms
postgres-1  | 2026-09-06 14:58:33.963 UTC [3213] LOG:  process 3213 acquired ExclusiveLock on tuple (2,62) of relation 16385 of database 16384 after 3847.965 ms
postgres-1  | 2026-09-06 14:58:33.963 UTC [3216] LOG:  process 3216 acquired ExclusiveLock on tuple (3,117) of relation 16385 of database 16384 after 2697.972 ms
postgres-1  | 2026-09-06 14:58:34.260 UTC [3211] LOG:  process 3211 still waiting for ExclusiveLock on tuple (4,3) of relation 16385 of database 16384 after 1001.803 ms
postgres-1  | 2026-09-06 14:58:34.962 UTC [3221] LOG:  process 3221 still waiting for ExclusiveLock on tuple (1,54) of relation 16385 of database 16384 after 1001.187 ms
postgres-1  | 2026-09-06 14:58:34.962 UTC [3208] LOG:  process 3208 detected deadlock while waiting for ShareLock on transaction 3571 after 1001.279 ms
postgres-1  | 2026-09-06 14:58:34.963 UTC [3208] ERROR:  deadlock detected
postgres-1  | 2026-09-06 14:58:34.963 UTC [3207] LOG:  process 3207 still waiting for ShareLock on transaction 3649 after 1000.309 ms
postgres-1  | 2026-09-06 14:58:34.963 UTC [3214] LOG:  process 3214 still waiting for ShareLock on transaction 3571 after 1001.890 ms
postgres-1  | 2026-09-06 14:58:34.963 UTC [3210] LOG:  process 3210 acquired ExclusiveLock on tuple (1,54) of relation 16385 of database 16384 after 4871.226 ms
postgres-1  | 2026-09-06 14:58:34.963 UTC [3223] LOG:  process 3223 acquired ShareLock on transaction 3651 after 4008.633 ms
postgres-1  | 2026-09-06 14:58:34.963 UTC [3215] LOG:  process 3215 still waiting for ShareLock on transaction 3571 after 1002.037 ms
postgres-1  | 2026-09-06 14:58:34.963 UTC [3224] LOG:  process 3224 still waiting for ShareLock on transaction 3571 after 1002.038 ms
postgres-1  | 2026-09-06 14:58:34.964 UTC [3184] LOG:  process 3184 still waiting for ShareLock on transaction 3571 after 1002.212 ms
postgres-1  | 2026-09-06 14:58:34.964 UTC [3218] LOG:  process 3218 still waiting for ShareLock on transaction 3663 after 1000.591 ms
postgres-1  | 2026-09-06 14:58:34.964 UTC [3216] LOG:  process 3216 still waiting for ShareLock on transaction 3650 after 1001.023 ms
postgres-1  | 2026-09-06 14:58:34.964 UTC [3213] LOG:  process 3213 still waiting for ShareLock on transaction 3649 after 1001.400 ms
postgres-1  | 2026-09-06 14:58:34.964 UTC [3212] LOG:  process 3212 still waiting for ExclusiveLock on tuple (5,133) of relation 16385 of database 16384 after 1000.733 ms
postgres-1  | 2026-09-06 14:58:34.974 UTC [3186] LOG:  process 3186 acquired ShareLock on transaction 3650 after 3019.586 ms
postgres-1  | 2026-09-06 14:58:34.974 UTC [3216] LOG:  process 3216 acquired ShareLock on transaction 3650 after 1010.696 ms
postgres-1  | 2026-09-06 14:58:34.974 UTC [3220] LOG:  process 3220 acquired ExclusiveLock on tuple (4,3) of relation 16385 of database 16384 after 4819.604 ms
postgres-1  | 2026-09-06 14:58:34.974 UTC [3205] LOG:  process 3205 acquired ExclusiveLock on tuple (3,117) of relation 16385 of database 16384 after 2727.767 ms
postgres-1  | 2026-09-06 14:58:34.974 UTC [3188] LOG:  process 3188 acquired ExclusiveLock on tuple (4,3) of relation 16385 of database 16384 after 4021.173 ms
postgres-1  | 2026-09-06 14:58:34.974 UTC [3206] LOG:  process 3206 acquired ExclusiveLock on tuple (4,3) of relation 16385 of database 16384 after 3826.328 ms
postgres-1  | 2026-09-06 14:58:34.974 UTC [3185] LOG:  process 3185 acquired ExclusiveLock on tuple (4,3) of relation 16385 of database 16384 after 2013.791 ms
postgres-1  | 2026-09-06 14:58:34.975 UTC [3211] LOG:  process 3211 acquired ExclusiveLock on tuple (4,3) of relation 16385 of database 16384 after 1716.049 ms
postgres-1  | 2026-09-06 14:58:34.982 UTC [3218] LOG:  process 3218 acquired ShareLock on transaction 3663 after 1019.383 ms
postgres-1  | 2026-09-06 14:58:34.983 UTC [3212] LOG:  process 3212 acquired ExclusiveLock on tuple (5,133) of relation 16385 of database 16384 after 1018.832 ms
postgres-1  | 2026-09-06 14:58:34.987 UTC [3224] LOG:  process 3224 acquired ShareLock on transaction 3571 after 1025.581 ms
postgres-1  | 2026-09-06 14:58:34.987 UTC [3184] LOG:  process 3184 acquired ShareLock on transaction 3571 after 1025.420 ms
postgres-1  | 2026-09-06 14:58:34.987 UTC [3215] LOG:  process 3215 acquired ShareLock on transaction 3571 after 1025.639 ms
postgres-1  | 2026-09-06 14:58:34.987 UTC [3214] LOG:  process 3214 acquired ShareLock on transaction 3571 after 1025.713 ms
postgres-1  | 2026-09-06 14:58:34.987 UTC [3219] LOG:  process 3219 acquired ExclusiveLock on tuple (1,54) of relation 16385 of database 16384 after 4797.772 ms
postgres-1  | 2026-09-06 14:58:34.987 UTC [3187] LOG:  process 3187 acquired ExclusiveLock on tuple (1,54) of relation 16385 of database 16384 after 3776.256 ms
postgres-1  | 2026-09-06 14:58:34.987 UTC [3221] LOG:  process 3221 acquired ExclusiveLock on tuple (1,54) of relation 16385 of database 16384 after 1026.063 ms
postgres-1  | 2026-09-06 14:58:34.988 UTC [3207] LOG:  process 3207 acquired ShareLock on transaction 3649 after 1025.677 ms
postgres-1  | 2026-09-06 14:58:34.988 UTC [3213] LOG:  process 3213 acquired ShareLock on transaction 3649 after 1025.515 ms
postgres-1  | 2026-09-06 14:58:35.975 UTC [3205] LOG:  process 3205 still waiting for ShareLock on transaction 3661 after 1001.351 ms
postgres-1  | 2026-09-06 14:58:35.990 UTC [3210] LOG:  process 3210 still waiting for ShareLock on transaction 3610 after 1002.917 ms
postgres-1  | 2026-09-06 14:58:35.990 UTC [3224] LOG:  process 3224 still waiting for ShareLock on transaction 3610 after 1002.928 ms
postgres-1  | 2026-09-06 14:58:35.990 UTC [3213] LOG:  process 3213 still waiting for ShareLock on transaction 3628 after 1001.280 ms
postgres-1  | 2026-09-06 14:58:35.990 UTC [3216] LOG:  process 3216 still waiting for ShareLock on transaction 3628 after 1001.246 ms
postgres-1  | 2026-09-06 14:58:35.990 UTC [3222] LOG:  process 3222 still waiting for ShareLock on transaction 3610 after 1002.805 ms
postgres-1  | 2026-09-06 14:58:35.990 UTC [3215] LOG:  process 3215 detected deadlock while waiting for ShareLock on transaction 3610 after 1003.420 ms
postgres-1  | 2026-09-06 14:58:35.990 UTC [3217] LOG:  process 3217 still waiting for ShareLock on transaction 3628 after 1001.686 ms
postgres-1  | 2026-09-06 14:58:35.990 UTC [3221] LOG:  process 3221 still waiting for ShareLock on transaction 3610 after 1003.292 ms
postgres-1  | 2026-09-06 14:58:35.990 UTC [3215] ERROR:  deadlock detected
postgres-1  | 2026-09-06 14:58:35.991 UTC [3184] LOG:  process 3184 still waiting for ShareLock on transaction 3664 after 1000.080 ms
postgres-1  | 2026-09-06 14:58:35.991 UTC [3219] LOG:  process 3219 still waiting for ShareLock on transaction 3610 after 1003.522 ms
postgres-1  | 2026-09-06 14:58:35.991 UTC [3214] LOG:  process 3214 still waiting for ShareLock on transaction 3610 after 1003.630 ms
postgres-1  | 2026-09-06 14:58:35.991 UTC [3187] LOG:  process 3187 still waiting for ShareLock on transaction 3610 after 1003.545 ms
postgres-1  | 2026-09-06 14:58:35.991 UTC [3207] LOG:  process 3207 still waiting for ExclusiveLock on tuple (1,57) of relation 16385 of database 16384 after 1000.969 ms
postgres-1  | 2026-09-06 14:58:35.991 UTC [3207] LOG:  process 3207 acquired ExclusiveLock on tuple (1,57) of relation 16385 of database 16384 after 1001.192 ms
postgres-1  | 2026-09-06 14:58:35.991 UTC [3188] LOG:  process 3188 still waiting for ShareLock on transaction 3664 after 1000.550 ms
postgres-1  | 2026-09-06 14:58:35.991 UTC [3206] LOG:  process 3206 still waiting for ShareLock on transaction 3664 after 1000.586 ms
postgres-1  | 2026-09-06 14:58:35.993 UTC [3211] LOG:  process 3211 detected deadlock while waiting for ExclusiveLock on tuple (1,57) of relation 16385 of database 16384 after 1001.208 ms
postgres-1  | 2026-09-06 14:58:35.993 UTC [3211] ERROR:  deadlock detected
postgres-1  | 2026-09-06 14:58:35.993 UTC [3188] LOG:  process 3188 acquired ShareLock on transaction 3664 after 1002.266 ms
postgres-1  | 2026-09-06 14:58:35.993 UTC [3206] LOG:  process 3206 acquired ShareLock on transaction 3664 after 1002.245 ms
postgres-1  | 2026-09-06 14:58:35.993 UTC [3184] LOG:  process 3184 acquired ShareLock on transaction 3664 after 1002.249 ms
postgres-1  | 2026-09-06 14:58:36.077 UTC [3220] LOG:  process 3220 still waiting for ShareLock on transaction 3628 after 1002.861 ms
postgres-1  | 2026-09-06 14:58:36.106 UTC [3208] LOG:  process 3208 still waiting for ExclusiveLock on tuple (2,69) of relation 16385 of database 16384 after 1010.575 ms
postgres-1  | 2026-09-06 14:58:36.153 UTC [3223] LOG:  process 3223 detected deadlock while waiting for ExclusiveLock on tuple (4,12) of relation 16385 of database 16384 after 1001.693 ms
postgres-1  | 2026-09-06 14:58:36.153 UTC [3223] ERROR:  deadlock detected
postgres-1  | 2026-09-06 14:58:36.191 UTC [3186] LOG:  process 3186 still waiting for ShareLock on transaction 3669 after 1008.055 ms
postgres-1  | 2026-09-06 14:58:36.227 UTC [3185] LOG:  process 3185 still waiting for ExclusiveLock on tuple (2,69) of relation 16385 of database 16384 after 1010.574 ms
postgres-1  | 2026-09-06 14:58:36.256 UTC [3212] LOG:  process 3212 detected deadlock while waiting for ShareLock on transaction 3628 after 1000.991 ms
postgres-1  | 2026-09-06 14:58:36.256 UTC [3212] ERROR:  deadlock detected
postgres-1  | 2026-09-06 14:58:36.282 UTC [3218] LOG:  process 3218 still waiting for ShareLock on transaction 3661 after 1002.616 ms
postgres-1  | 2026-09-06 14:58:36.994 UTC [3209] LOG:  process 3209 still waiting for ShareLock on transaction 3647 after 1001.388 ms
postgres-1  | 2026-09-06 14:58:36.994 UTC [3207] LOG:  process 3207 detected deadlock while waiting for ShareLock on transaction 3610 after 1003.171 ms
postgres-1  | 2026-09-06 14:58:36.994 UTC [3206] LOG:  process 3206 still waiting for ExclusiveLock on tuple (4,12) of relation 16385 of database 16384 after 1001.584 ms
postgres-1  | 2026-09-06 14:58:36.994 UTC [3207] ERROR:  deadlock detected
postgres-1  | 2026-09-06 14:58:36.995 UTC [3217] LOG:  process 3217 acquired ShareLock on transaction 3628 after 2006.288 ms
postgres-1  | 2026-09-06 14:58:36.995 UTC [3216] LOG:  process 3216 acquired ShareLock on transaction 3628 after 2006.297 ms
postgres-1  | 2026-09-06 14:58:36.995 UTC [3213] LOG:  process 3213 acquired ShareLock on transaction 3628 after 2006.234 ms
postgres-1  | 2026-09-06 14:58:36.995 UTC [3184] LOG:  process 3184 still waiting for ExclusiveLock on tuple (4,12) of relation 16385 of database 16384 after 1002.669 ms
postgres-1  | 2026-09-06 14:58:36.996 UTC [3220] LOG:  process 3220 acquired ShareLock on transaction 3628 after 1920.856 ms
postgres-1  | 2026-09-06 14:58:36.996 UTC [3208] LOG:  process 3208 acquired ExclusiveLock on tuple (2,69) of relation 16385 of database 16384 after 1900.329 ms
postgres-1  | 2026-09-06 14:58:37.001 UTC [3218] LOG:  process 3218 acquired ShareLock on transaction 3661 after 1722.111 ms
postgres-1  | 2026-09-06 14:58:37.001 UTC [3205] LOG:  process 3205 acquired ShareLock on transaction 3661 after 2027.182 ms
postgres-1  | 2026-09-06 14:58:37.008 UTC [3209] LOG:  process 3209 acquired ShareLock on transaction 3647 after 1014.674 ms
postgres-1  | 2026-09-06 14:58:37.008 UTC [3206] LOG:  process 3206 acquired ExclusiveLock on tuple (4,12) of relation 16385 of database 16384 after 1015.260 ms
postgres-1  | 2026-09-06 14:58:37.008 UTC [3184] LOG:  process 3184 acquired ExclusiveLock on tuple (4,12) of relation 16385 of database 16384 after 1015.361 ms
postgres-1  | 2026-09-06 14:58:37.011 UTC [3186] LOG:  process 3186 acquired ShareLock on transaction 3669 after 1827.803 ms
postgres-1  | 2026-09-06 14:58:37.999 UTC [3208] LOG:  process 3208 still waiting for ShareLock on transaction 3667 after 1002.587 ms
postgres-1  | 2026-09-06 14:58:38.003 UTC [3218] LOG:  process 3218 detected deadlock while waiting for ShareLock on transaction 3675 after 1001.373 ms
postgres-1  | 2026-09-06 14:58:38.003 UTC [3218] ERROR:  deadlock detected
postgres-1  | 2026-09-06 14:58:38.008 UTC [3221] LOG:  process 3221 acquired ShareLock on transaction 3610 after 3020.966 ms
postgres-1  | 2026-09-06 14:58:38.008 UTC [3222] LOG:  process 3222 acquired ShareLock on transaction 3610 after 3020.925 ms
postgres-1  | 2026-09-06 14:58:38.008 UTC [3210] LOG:  process 3210 acquired ShareLock on transaction 3610 after 3021.108 ms
postgres-1  | 2026-09-06 14:58:38.008 UTC [3224] LOG:  process 3224 acquired ShareLock on transaction 3610 after 3021.105 ms
postgres-1  | 2026-09-06 14:58:38.008 UTC [3214] LOG:  process 3214 acquired ShareLock on transaction 3610 after 3021.116 ms
postgres-1  | 2026-09-06 14:58:38.008 UTC [3219] LOG:  process 3219 acquired ShareLock on transaction 3610 after 3021.074 ms
postgres-1  | 2026-09-06 14:58:38.008 UTC [3187] LOG:  process 3187 acquired ShareLock on transaction 3610 after 3021.016 ms
postgres-1  | 2026-09-06 14:58:38.009 UTC [3217] LOG:  process 3217 still waiting for ShareLock on transaction 3667 after 1000.996 ms
postgres-1  | 2026-09-06 14:58:38.009 UTC [3212] LOG:  process 3212 still waiting for ShareLock on transaction 3667 after 1001.122 ms
postgres-1  | 2026-09-06 14:58:38.009 UTC [3213] LOG:  process 3213 still waiting for ShareLock on transaction 3667 after 1001.036 ms
postgres-1  | 2026-09-06 14:58:38.012 UTC [3186] LOG:  process 3186 detected deadlock while waiting for ExclusiveLock on tuple (2,69) of relation 16385 of database 16384 after 1000.635 ms
postgres-1  | 2026-09-06 14:58:38.012 UTC [3186] ERROR:  deadlock detected
postgres-1  | 2026-09-06 14:58:38.160 UTC [3216] LOG:  process 3216 still waiting for ExclusiveLock on tuple (2,64) of relation 16385 of database 16384 after 1008.782 ms
postgres-1  | 2026-09-06 14:58:38.224 UTC [3209] LOG:  process 3209 detected deadlock while waiting for ExclusiveLock on tuple (2,69) of relation 16385 of database 16384 after 1006.961 ms
postgres-1  | 2026-09-06 14:58:38.224 UTC [3209] ERROR:  deadlock detected
postgres-1  | 2026-09-06 14:58:39.005 UTC [3220] LOG:  process 3220 detected deadlock while waiting for ShareLock on transaction 3675 after 1000.758 ms
postgres-1  | 2026-09-06 14:58:39.005 UTC [3220] ERROR:  deadlock detected
postgres-1  | 2026-09-06 14:58:39.005 UTC [3208] LOG:  process 3208 acquired ShareLock on transaction 3667 after 2009.186 ms
postgres-1  | 2026-09-06 14:58:39.005 UTC [3212] LOG:  process 3212 acquired ShareLock on transaction 3667 after 1997.134 ms
postgres-1  | 2026-09-06 14:58:39.005 UTC [3217] LOG:  process 3217 acquired ShareLock on transaction 3667 after 1997.090 ms
postgres-1  | 2026-09-06 14:58:39.005 UTC [3213] LOG:  process 3213 acquired ShareLock on transaction 3667 after 1997.169 ms
postgres-1  | 2026-09-06 14:58:39.005 UTC [3216] LOG:  process 3216 acquired ExclusiveLock on tuple (2,64) of relation 16385 of database 16384 after 1854.513 ms
postgres-1  | 2026-09-06 14:58:39.005 UTC [3185] LOG:  process 3185 acquired ExclusiveLock on tuple (2,69) of relation 16385 of database 16384 after 3789.002 ms
postgres-1  | 2026-09-06 14:58:39.009 UTC [3219] LOG:  process 3219 still waiting for ShareLock on transaction 3666 after 1000.660 ms
postgres-1  | 2026-09-06 14:58:39.009 UTC [3221] LOG:  process 3221 still waiting for ShareLock on transaction 3666 after 1000.698 ms
postgres-1  | 2026-09-06 14:58:39.009 UTC [3187] LOG:  process 3187 still waiting for ShareLock on transaction 3666 after 1000.692 ms
postgres-1  | 2026-09-06 14:58:39.009 UTC [3207] LOG:  process 3207 detected deadlock while waiting for ShareLock on transaction 3662 after 1000.850 ms
postgres-1  | 2026-09-06 14:58:39.009 UTC [3214] LOG:  process 3214 still waiting for ShareLock on transaction 3666 after 1000.813 ms
postgres-1  | 2026-09-06 14:58:39.009 UTC [3207] ERROR:  deadlock detected
postgres-1  | 2026-09-06 14:58:39.009 UTC [3210] LOG:  process 3210 still waiting for ShareLock on transaction 3666 after 1000.922 ms
postgres-1  | 2026-09-06 14:58:39.009 UTC [3224] LOG:  process 3224 still waiting for ShareLock on transaction 3666 after 1000.900 ms
postgres-1  | 2026-09-06 14:58:39.010 UTC [3205] LOG:  process 3205 detected deadlock while waiting for ExclusiveLock on tuple (2,69) of relation 16385 of database 16384 after 1000.829 ms
postgres-1  | 2026-09-06 14:58:39.010 UTC [3205] ERROR:  deadlock detected
postgres-1  | 2026-09-06 14:58:39.018 UTC [3210] LOG:  process 3210 acquired ShareLock on transaction 3666 after 1009.827 ms
postgres-1  | 2026-09-06 14:58:39.018 UTC [3214] LOG:  process 3214 acquired ShareLock on transaction 3666 after 1009.784 ms
postgres-1  | 2026-09-06 14:58:39.018 UTC [3219] LOG:  process 3219 acquired ShareLock on transaction 3666 after 1009.774 ms
postgres-1  | 2026-09-06 14:58:39.018 UTC [3221] LOG:  process 3221 acquired ShareLock on transaction 3666 after 1009.801 ms
postgres-1  | 2026-09-06 14:58:39.018 UTC [3187] LOG:  process 3187 acquired ShareLock on transaction 3666 after 1009.814 ms
postgres-1  | 2026-09-06 14:58:39.018 UTC [3224] LOG:  process 3224 acquired ShareLock on transaction 3666 after 1009.769 ms
postgres-1  | 2026-09-06 14:58:39.018 UTC [3188] LOG:  process 3188 still waiting for ExclusiveLock on tuple (4,19) of relation 16385 of database 16384 after 1001.093 ms
postgres-1  | 2026-09-06 14:58:39.019 UTC [3211] LOG:  process 3211 still waiting for ShareLock on transaction 3676 after 1001.237 ms
postgres-1  | 2026-09-06 14:58:39.019 UTC [3206] LOG:  process 3206 still waiting for ShareLock on transaction 3676 after 1001.380 ms
postgres-1  | 2026-09-06 14:58:39.264 UTC [3218] LOG:  process 3218 still waiting for ExclusiveLock on tuple (2,69) of relation 16385 of database 16384 after 1001.666 ms
postgres-1  | 2026-09-06 14:58:39.331 UTC [3223] LOG:  process 3223 still waiting for ExclusiveLock on tuple (2,64) of relation 16385 of database 16384 after 1003.698 ms
postgres-1  | 2026-09-06 14:58:39.464 UTC [3209] LOG:  process 3209 still waiting for ShareLock on transaction 3676 after 1001.440 ms
postgres-1  | 2026-09-06 14:58:40.006 UTC [3217] LOG:  process 3217 still waiting for ShareLock on transaction 3678 after 1001.254 ms
postgres-1  | 2026-09-06 14:58:40.007 UTC [3216] LOG:  process 3216 still waiting for ShareLock on transaction 3675 after 1001.122 ms
postgres-1  | 2026-09-06 14:58:40.007 UTC [3213] LOG:  process 3213 still waiting for ShareLock on transaction 3678 after 1001.202 ms
postgres-1  | 2026-09-06 14:58:40.007 UTC [3212] LOG:  process 3212 still waiting for ExclusiveLock on tuple (4,4) of relation 16385 of database 16384 after 1000.891 ms
postgres-1  | 2026-09-06 14:58:40.007 UTC [3185] LOG:  process 3185 still waiting for ShareLock on transaction 3668 after 1001.530 ms
postgres-1  | 2026-09-06 14:58:40.019 UTC [3210] LOG:  process 3210 still waiting for ShareLock on transaction 3639 after 1000.471 ms
postgres-1  | 2026-09-06 14:58:40.019 UTC [3221] LOG:  process 3221 still waiting for ShareLock on transaction 3639 after 1000.843 ms
postgres-1  | 2026-09-06 14:58:40.019 UTC [3224] LOG:  process 3224 still waiting for ShareLock on transaction 3639 after 1000.769 ms
postgres-1  | 2026-09-06 14:58:40.019 UTC [3219] LOG:  process 3219 still waiting for ShareLock on transaction 3639 after 1001.062 ms
postgres-1  | 2026-09-06 14:58:40.019 UTC [3215] LOG:  process 3215 detected deadlock while waiting for ShareLock on transaction 3639 after 1000.890 ms
postgres-1  | 2026-09-06 14:58:40.019 UTC [3187] LOG:  process 3187 still waiting for ShareLock on transaction 3639 after 1001.222 ms
postgres-1  | 2026-09-06 14:58:40.019 UTC [3186] LOG:  process 3186 still waiting for ShareLock on transaction 3639 after 1000.860 ms
postgres-1  | 2026-09-06 14:58:40.019 UTC [3215] ERROR:  deadlock detected
postgres-1  | 2026-09-06 14:58:40.020 UTC [3206] LOG:  process 3206 acquired ShareLock on transaction 3676 after 2002.521 ms
postgres-1  | 2026-09-06 14:58:40.020 UTC [3211] LOG:  process 3211 acquired ShareLock on transaction 3676 after 2002.456 ms
postgres-1  | 2026-09-06 14:58:40.020 UTC [3209] LOG:  process 3209 acquired ShareLock on transaction 3676 after 1557.365 ms
postgres-1  | 2026-09-06 14:58:40.020 UTC [3188] LOG:  process 3188 acquired ExclusiveLock on tuple (4,19) of relation 16385 of database 16384 after 2002.712 ms
postgres-1  | 2026-09-06 14:58:40.020 UTC [3212] LOG:  process 3212 acquired ExclusiveLock on tuple (4,4) of relation 16385 of database 16384 after 1014.051 ms
postgres-1  | 2026-09-06 14:58:40.020 UTC [3208] LOG:  process 3208 still waiting for ShareLock on transaction 3639 after 1001.483 ms
postgres-1  | 2026-09-06 14:58:40.021 UTC [3184] LOG:  process 3184 still waiting for ExclusiveLock on tuple (2,64) of relation 16385 of database 16384 after 1000.771 ms
postgres-1  | 2026-09-06 14:58:40.021 UTC [3214] LOG:  process 3214 still waiting for ExclusiveLock on tuple (4,19) of relation 16385 of database 16384 after 1001.237 ms
postgres-1  | 2026-09-06 14:58:40.110 UTC [3205] LOG:  process 3205 still waiting for ExclusiveLock on tuple (1,64) of relation 16385 of database 16384 after 1002.165 ms
postgres-1  | 2026-09-06 14:58:40.126 UTC [3207] LOG:  process 3207 still waiting for ExclusiveLock on tuple (2,69) of relation 16385 of database 16384 after 1005.245 ms
postgres-1  | 2026-09-06 14:58:40.156 UTC [3222] LOG:  process 3222 still waiting for ExclusiveLock on tuple (2,75) of relation 16385 of database 16384 after 1003.475 ms
postgres-1  | 2026-09-06 14:58:40.221 UTC [3220] LOG:  process 3220 still waiting for ShareLock on transaction 3686 after 1007.440 ms
postgres-1  | 2026-09-06 14:58:41.021 UTC [3211] LOG:  process 3211 still waiting for ExclusiveLock on tuple (4,19) of relation 16385 of database 16384 after 1000.991 ms
postgres-1  | 2026-09-06 14:58:41.023 UTC [3209] LOG:  process 3209 still waiting for ExclusiveLock on tuple (2,69) of relation 16385 of database 16384 after 1001.133 ms
postgres-1  | 2026-09-06 14:58:41.023 UTC [3206] LOG:  process 3206 detected deadlock while waiting for ShareLock on transaction 3683 after 1001.269 ms
postgres-1  | 2026-09-06 14:58:41.023 UTC [3206] ERROR:  deadlock detected
postgres-1  | 2026-09-06 14:58:41.023 UTC [3214] LOG:  process 3214 acquired ExclusiveLock on tuple (4,19) of relation 16385 of database 16384 after 2003.168 ms
postgres-1  | 2026-09-06 14:58:41.031 UTC [3212] LOG:  process 3212 still waiting for ShareLock on transaction 3687 after 1011.107 ms
postgres-1  | 2026-09-06 14:58:41.390 UTC [3215] LOG:  process 3215 still waiting for ExclusiveLock on tuple (4,19) of relation 16385 of database 16384 after 1002.256 ms
postgres-1  | 2026-09-06 14:58:42.024 UTC [3214] LOG:  process 3214 detected deadlock while waiting for ShareLock on transaction 3682 after 1001.109 ms
postgres-1  | 2026-09-06 14:58:42.025 UTC [3214] ERROR:  deadlock detected
postgres-1  | 2026-09-06 14:58:42.025 UTC [3188] LOG:  process 3188 still waiting for ExclusiveLock on tuple (1,64) of relation 16385 of database 16384 after 1000.965 ms
postgres-1  | 2026-09-06 14:58:42.025 UTC [3208] LOG:  process 3208 acquired ShareLock on transaction 3639 after 3006.163 ms
postgres-1  | 2026-09-06 14:58:42.025 UTC [3211] LOG:  process 3211 acquired ExclusiveLock on tuple (4,19) of relation 16385 of database 16384 after 2004.793 ms
postgres-1  | 2026-09-06 14:58:42.025 UTC [3187] LOG:  process 3187 acquired ShareLock on transaction 3639 after 3006.690 ms
postgres-1  | 2026-09-06 14:58:42.025 UTC [3219] LOG:  process 3219 acquired ShareLock on transaction 3639 after 3006.646 ms
postgres-1  | 2026-09-06 14:58:42.025 UTC [3221] LOG:  process 3221 acquired ShareLock on transaction 3639 after 3006.511 ms
postgres-1  | 2026-09-06 14:58:42.025 UTC [3224] LOG:  process 3224 acquired ShareLock on transaction 3639 after 3006.569 ms
postgres-1  | 2026-09-06 14:58:42.025 UTC [3210] LOG:  process 3210 acquired ShareLock on transaction 3639 after 3006.596 ms
postgres-1  | 2026-09-06 14:58:42.025 UTC [3186] LOG:  process 3186 acquired ShareLock on transaction 3639 after 3006.548 ms
postgres-1  | 2026-09-06 14:58:42.029 UTC [3185] LOG:  process 3185 acquired ShareLock on transaction 3668 after 3023.623 ms
postgres-1  | 2026-09-06 14:58:42.029 UTC [3205] LOG:  process 3205 acquired ExclusiveLock on tuple (1,64) of relation 16385 of database 16384 after 2921.110 ms
postgres-1  | 2026-09-06 14:58:42.029 UTC [3218] LOG:  process 3218 acquired ExclusiveLock on tuple (2,69) of relation 16385 of database 16384 after 3767.079 ms
postgres-1  | 2026-09-06 14:58:42.029 UTC [3188] LOG:  process 3188 acquired ExclusiveLock on tuple (1,64) of relation 16385 of database 16384 after 1005.606 ms
postgres-1  | 2026-09-06 14:58:42.029 UTC [3207] LOG:  process 3207 acquired ExclusiveLock on tuple (2,69) of relation 16385 of database 16384 after 2908.776 ms
postgres-1  | 2026-09-06 14:58:42.030 UTC [3209] LOG:  process 3209 acquired ExclusiveLock on tuple (2,69) of relation 16385 of database 16384 after 2008.150 ms
postgres-1  | 2026-09-06 14:58:43.026 UTC [3211] LOG:  process 3211 detected deadlock while waiting for ShareLock on transaction 3682 after 1001.589 ms
postgres-1  | 2026-09-06 14:58:43.027 UTC [3211] ERROR:  deadlock detected
postgres-1  | 2026-09-06 14:58:43.027 UTC [3215] LOG:  process 3215 acquired ExclusiveLock on tuple (4,19) of relation 16385 of database 16384 after 2639.339 ms
postgres-1  | 2026-09-06 14:58:43.027 UTC [3216] LOG:  process 3216 acquired ShareLock on transaction 3675 after 4021.252 ms
postgres-1  | 2026-09-06 14:58:43.027 UTC [3223] LOG:  process 3223 acquired ExclusiveLock on tuple (2,64) of relation 16385 of database 16384 after 4699.601 ms
postgres-1  | 2026-09-06 14:58:43.031 UTC [3186] LOG:  process 3186 still waiting for ExclusiveLock on tuple (1,68) of relation 16385 of database 16384 after 1001.537 ms
postgres-1  | 2026-09-06 14:58:43.031 UTC [3187] LOG:  process 3187 still waiting for ShareLock on transaction 3658 after 1001.226 ms
postgres-1  | 2026-09-06 14:58:43.031 UTC [3221] LOG:  process 3221 still waiting for ShareLock on transaction 3658 after 1001.523 ms
postgres-1  | 2026-09-06 14:58:43.031 UTC [3207] LOG:  process 3207 still waiting for ShareLock on transaction 3672 after 1001.206 ms
postgres-1  | 2026-09-06 14:58:43.031 UTC [3219] LOG:  process 3219 detected deadlock while waiting for ShareLock on transaction 3672 after 1000.944 ms
postgres-1  | 2026-09-06 14:58:43.031 UTC [3185] LOG:  process 3185 still waiting for ExclusiveLock on tuple (4,19) of relation 16385 of database 16384 after 1000.908 ms
postgres-1  | 2026-09-06 14:58:43.031 UTC [3209] LOG:  process 3209 still waiting for ShareLock on transaction 3672 after 1001.120 ms
postgres-1  | 2026-09-06 14:58:43.031 UTC [3219] ERROR:  deadlock detected
postgres-1  | 2026-09-06 14:58:43.031 UTC [3206] LOG:  process 3206 still waiting for ShareLock on transaction 3672 after 1001.103 ms
postgres-1  | 2026-09-06 14:58:43.031 UTC [3187] LOG:  process 3187 acquired ShareLock on transaction 3658 after 1001.335 ms
postgres-1  | 2026-09-06 14:58:43.031 UTC [3224] LOG:  process 3224 still waiting for ExclusiveLock on tuple (1,68) of relation 16385 of database 16384 after 1001.608 ms
postgres-1  | 2026-09-06 14:58:43.031 UTC [3221] LOG:  process 3221 acquired ShareLock on transaction 3658 after 1001.640 ms
postgres-1  | 2026-09-06 14:58:43.031 UTC [3218] LOG:  process 3218 still waiting for ShareLock on transaction 3672 after 1001.452 ms
postgres-1  | 2026-09-06 14:58:43.222 UTC [3208] LOG:  process 3208 detected deadlock while waiting for ExclusiveLock on tuple (0,7) of relation 16385 of database 16384 after 1006.756 ms
postgres-1  | 2026-09-06 14:58:43.222 UTC [3208] ERROR:  deadlock detected
postgres-1  | 2026-09-06 14:58:43.248 UTC [3214] LOG:  process 3214 still waiting for ExclusiveLock on tuple (4,19) of relation 16385 of database 16384 after 1002.875 ms
postgres-1  | 2026-09-06 14:58:44.031 UTC [3210] LOG:  process 3210 still waiting for ShareLock on transaction 3660 after 1000.246 ms
postgres-1  | 2026-09-06 14:58:44.031 UTC [3223] LOG:  process 3223 detected deadlock while waiting for ShareLock on transaction 3679 after 1004.580 ms
postgres-1  | 2026-09-06 14:58:44.031 UTC [3223] ERROR:  deadlock detected
postgres-1  | 2026-09-06 14:58:44.031 UTC [3216] LOG:  process 3216 still waiting for ExclusiveLock on tuple (0,7) of relation 16385 of database 16384 after 1004.502 ms
postgres-1  | 2026-09-06 14:58:44.031 UTC [3221] LOG:  process 3221 still waiting for ShareLock on transaction 3660 after 1000.541 ms
postgres-1  | 2026-09-06 14:58:44.031 UTC [3205] LOG:  process 3205 still waiting for ShareLock on transaction 3660 after 1000.559 ms
postgres-1  | 2026-09-06 14:58:44.031 UTC [3188] LOG:  process 3188 detected deadlock while waiting for ShareLock on transaction 3660 after 1000.590 ms
postgres-1  | 2026-09-06 14:58:44.031 UTC [3215] LOG:  process 3215 still waiting for ShareLock on transaction 3682 after 1004.856 ms
postgres-1  | 2026-09-06 14:58:44.032 UTC [3188] ERROR:  deadlock detected
postgres-1  | 2026-09-06 14:58:44.032 UTC [3184] LOG:  process 3184 acquired ExclusiveLock on tuple (2,64) of relation 16385 of database 16384 after 5011.037 ms
postgres-1  | 2026-09-06 14:58:44.032 UTC [3215] LOG:  process 3215 acquired ShareLock on transaction 3682 after 1005.009 ms
postgres-1  | 2026-09-06 14:58:44.032 UTC [3185] LOG:  process 3185 acquired ExclusiveLock on tuple (4,19) of relation 16385 of database 16384 after 2001.947 ms
postgres-1  | 2026-09-06 14:58:44.032 UTC [3187] LOG:  process 3187 still waiting for ExclusiveLock on tuple (2,75) of relation 16385 of database 16384 after 1001.051 ms
postgres-1  | 2026-09-06 14:58:44.186 UTC [3211] LOG:  process 3211 still waiting for ExclusiveLock on tuple (2,64) of relation 16385 of database 16384 after 1007.180 ms
postgres-1  | 2026-09-06 14:58:44.278 UTC [3219] LOG:  process 3219 still waiting for ShareLock on transaction 3683 after 1002.967 ms
postgres-1  | 2026-09-06 14:58:44.458 UTC [3208] LOG:  process 3208 still waiting for ExclusiveLock on tuple (0,7) of relation 16385 of database 16384 after 1002.023 ms
postgres-1  | 2026-09-06 14:58:45.032 UTC [3185] LOG:  process 3185 detected deadlock while waiting for ShareLock on transaction 3692 after 1000.248 ms
postgres-1  | 2026-09-06 14:58:45.032 UTC [3185] ERROR:  deadlock detected
postgres-1  | 2026-09-06 14:58:45.032 UTC [3184] LOG:  process 3184 detected deadlock while waiting for ShareLock on transaction 3679 after 1000.650 ms
postgres-1  | 2026-09-06 14:58:45.032 UTC [3184] ERROR:  deadlock detected
postgres-1  | 2026-09-06 14:58:45.033 UTC [3214] LOG:  process 3214 acquired ExclusiveLock on tuple (4,19) of relation 16385 of database 16384 after 2787.286 ms
postgres-1  | 2026-09-06 14:58:45.033 UTC [3218] LOG:  process 3218 acquired ShareLock on transaction 3672 after 3003.088 ms
postgres-1  | 2026-09-06 14:58:45.033 UTC [3207] LOG:  process 3207 acquired ShareLock on transaction 3672 after 3002.998 ms
postgres-1  | 2026-09-06 14:58:45.033 UTC [3209] LOG:  process 3209 acquired ShareLock on transaction 3672 after 3002.927 ms
postgres-1  | 2026-09-06 14:58:45.033 UTC [3211] LOG:  process 3211 acquired ExclusiveLock on tuple (2,64) of relation 16385 of database 16384 after 1853.344 ms
postgres-1  | 2026-09-06 14:58:45.033 UTC [3206] LOG:  process 3206 acquired ShareLock on transaction 3672 after 3002.911 ms
postgres-1  | 2026-09-06 14:58:45.033 UTC [3220] LOG:  process 3220 acquired ShareLock on transaction 3686 after 5819.274 ms
postgres-1  | 2026-09-06 14:58:45.033 UTC [3216] LOG:  process 3216 acquired ExclusiveLock on tuple (0,7) of relation 16385 of database 16384 after 2005.798 ms
postgres-1  | 2026-09-06 14:58:45.033 UTC [3215] LOG:  process 3215 still waiting for ExclusiveLock on tuple (4,4) of relation 16385 of database 16384 after 1000.332 ms
postgres-1  | 2026-09-06 14:58:45.310 UTC [3223] LOG:  process 3223 still waiting for ExclusiveLock on tuple (4,19) of relation 16385 of database 16384 after 1000.324 ms
postgres-1  | 2026-09-06 14:58:45.370 UTC [3188] LOG:  process 3188 still waiting for ExclusiveLock on tuple (2,64) of relation 16385 of database 16384 after 1004.888 ms
postgres-1  | 2026-09-06 14:58:46.037 UTC [3220] LOG:  process 3220 still waiting for ExclusiveLock on tuple (1,65) of relation 16385 of database 16384 after 1003.425 ms
postgres-1  | 2026-09-06 14:58:46.037 UTC [3209] LOG:  process 3209 detected deadlock while waiting for ShareLock on transaction 3683 after 1004.489 ms
postgres-1  | 2026-09-06 14:58:46.037 UTC [3209] ERROR:  deadlock detected
postgres-1  | 2026-09-06 14:58:46.037 UTC [3212] LOG:  process 3212 acquired ShareLock on transaction 3687 after 6017.237 ms
postgres-1  | 2026-09-06 14:58:46.038 UTC [3215] LOG:  process 3215 acquired ExclusiveLock on tuple (4,4) of relation 16385 of database 16384 after 2004.982 ms
postgres-1  | 2026-09-06 14:58:46.038 UTC [3218] LOG:  process 3218 still waiting for ExclusiveLock on tuple (1,68) of relation 16385 of database 16384 after 1003.990 ms
postgres-1  | 2026-09-06 14:58:46.038 UTC [3207] LOG:  process 3207 still waiting for ExclusiveLock on tuple (2,77) of relation 16385 of database 16384 after 1005.033 ms
postgres-1  | 2026-09-06 14:58:46.041 UTC [3211] LOG:  process 3211 still waiting for ShareLock on transaction 3679 after 1008.483 ms
postgres-1  | 2026-09-06 14:58:46.041 UTC [3214] LOG:  process 3214 still waiting for ShareLock on transaction 3692 after 1008.504 ms
postgres-1  | 2026-09-06 14:58:46.041 UTC [3217] LOG:  process 3217 acquired ShareLock on transaction 3678 after 7035.983 ms
postgres-1  | 2026-09-06 14:58:46.041 UTC [3213] LOG:  process 3213 acquired ShareLock on transaction 3678 after 7035.887 ms
postgres-1  | 2026-09-06 14:58:46.041 UTC [3222] LOG:  process 3222 acquired ExclusiveLock on tuple (2,75) of relation 16385 of database 16384 after 6888.461 ms
postgres-1  | 2026-09-06 14:58:46.041 UTC [3187] LOG:  process 3187 acquired ExclusiveLock on tuple (2,75) of relation 16385 of database 16384 after 3010.475 ms
postgres-1  | 2026-09-06 14:58:46.043 UTC [3216] LOG:  process 3216 still waiting for ShareLock on transaction 3691 after 1010.243 ms
postgres-1  | 2026-09-06 14:58:46.319 UTC [3185] LOG:  process 3185 still waiting for ExclusiveLock on tuple (4,19) of relation 16385 of database 16384 after 1005.120 ms
postgres-1  | 2026-09-06 14:58:46.359 UTC [3184] LOG:  process 3184 still waiting for ExclusiveLock on tuple (4,19) of relation 16385 of database 16384 after 1001.368 ms
postgres-1  | 2026-09-06 14:58:47.043 UTC [3215] LOG:  process 3215 still waiting for ExclusiveLock on tuple (1,68) of relation 16385 of database 16384 after 1000.689 ms
postgres-1  | 2026-09-06 14:58:47.043 UTC [3217] LOG:  process 3217 still waiting for ShareLock on transaction 3656 after 1001.143 ms
postgres-1  | 2026-09-06 14:58:47.043 UTC [3187] LOG:  process 3187 detected deadlock while waiting for ShareLock on transaction 3656 after 1001.034 ms
postgres-1  | 2026-09-06 14:58:47.043 UTC [3187] ERROR:  deadlock detected
postgres-1  | 2026-09-06 14:58:47.043 UTC [3210] LOG:  process 3210 acquired ShareLock on transaction 3660 after 4011.983 ms
postgres-1  | 2026-09-06 14:58:47.043 UTC [3221] LOG:  process 3221 acquired ShareLock on transaction 3660 after 4012.004 ms
postgres-1  | 2026-09-06 14:58:47.043 UTC [3222] LOG:  process 3222 still waiting for ShareLock on transaction 3656 after 1001.460 ms
postgres-1  | 2026-09-06 14:58:47.043 UTC [3205] LOG:  process 3205 acquired ShareLock on transaction 3660 after 4011.992 ms
postgres-1  | 2026-09-06 14:58:47.043 UTC [3213] LOG:  process 3213 still waiting for ExclusiveLock on tuple (1,65) of relation 16385 of database 16384 after 1001.202 ms
postgres-1  | 2026-09-06 14:58:47.043 UTC [3186] LOG:  process 3186 acquired ExclusiveLock on tuple (1,68) of relation 16385 of database 16384 after 5013.864 ms
postgres-1  | 2026-09-06 14:58:47.043 UTC [3206] LOG:  process 3206 still waiting for ShareLock on transaction 3683 after 1005.623 ms
postgres-1  | 2026-09-06 14:58:47.148 UTC [3212] LOG:  process 3212 detected deadlock while waiting for ShareLock on transaction 3692 after 1004.690 ms
postgres-1  | 2026-09-06 14:58:47.148 UTC [3212] ERROR:  deadlock detected
postgres-1  | 2026-09-06 14:58:48.047 UTC [3221] LOG:  process 3221 still waiting for ExclusiveLock on tuple (1,68) of relation 16385 of database 16384 after 1004.321 ms
postgres-1  | 2026-09-06 14:58:48.047 UTC [3210] LOG:  process 3210 detected deadlock while waiting for ExclusiveLock on tuple (4,26) of relation 16385 of database 16384 after 1003.839 ms
postgres-1  | 2026-09-06 14:58:48.047 UTC [3186] LOG:  process 3186 still waiting for ShareLock on transaction 3655 after 1004.382 ms
postgres-1  | 2026-09-06 14:58:48.047 UTC [3210] ERROR:  deadlock detected
postgres-1  | 2026-09-06 14:58:48.048 UTC [3186] LOG:  process 3186 acquired ShareLock on transaction 3655 after 1004.685 ms
postgres-1  | 2026-09-06 14:58:48.048 UTC [3224] LOG:  process 3224 acquired ExclusiveLock on tuple (1,68) of relation 16385 of database 16384 after 6018.654 ms
postgres-1  | 2026-09-06 14:58:48.050 UTC [3205] LOG:  process 3205 still waiting for ExclusiveLock on tuple (1,68) of relation 16385 of database 16384 after 1006.713 ms
postgres-1  | 2026-09-06 14:58:48.157 UTC [3209] LOG:  process 3209 still waiting for ShareLock on transaction 3692 after 1009.370 ms
postgres-1  | 2026-09-06 14:58:48.195 UTC [3187] LOG:  process 3187 still waiting for ExclusiveLock on tuple (1,68) of relation 16385 of database 16384 after 1010.412 ms
postgres-1  | 2026-09-06 14:58:48.302 UTC [3212] LOG:  process 3212 still waiting for ExclusiveLock on tuple (4,26) of relation 16385 of database 16384 after 1002.909 ms
postgres-1  | 2026-09-06 14:58:49.053 UTC [3224] LOG:  process 3224 detected deadlock while waiting for ShareLock on transaction 3684 after 1005.529 ms
postgres-1  | 2026-09-06 14:58:49.054 UTC [3224] ERROR:  deadlock detected
postgres-1  | 2026-09-06 14:58:49.054 UTC [3218] LOG:  process 3218 acquired ExclusiveLock on tuple (1,68) of relation 16385 of database 16384 after 4020.359 ms
postgres-1  | 2026-09-06 14:58:49.055 UTC [3186] LOG:  process 3186 detected deadlock while waiting for ExclusiveLock on tuple (0,7) of relation 16385 of database 16384 after 1006.525 ms
postgres-1  | 2026-09-06 14:58:49.056 UTC [3186] ERROR:  deadlock detected
postgres-1  | 2026-09-06 14:58:49.056 UTC [3215] LOG:  process 3215 acquired ExclusiveLock on tuple (1,68) of relation 16385 of database 16384 after 3013.946 ms
postgres-1  | 2026-09-06 14:58:49.061 UTC [3219] LOG:  process 3219 acquired ShareLock on transaction 3683 after 5786.135 ms
postgres-1  | 2026-09-06 14:58:49.061 UTC [3206] LOG:  process 3206 acquired ShareLock on transaction 3683 after 3023.691 ms
postgres-1  | 2026-09-06 14:58:49.061 UTC [3220] LOG:  process 3220 acquired ExclusiveLock on tuple (1,65) of relation 16385 of database 16384 after 4027.634 ms
postgres-1  | 2026-09-06 14:58:49.061 UTC [3207] LOG:  process 3207 acquired ExclusiveLock on tuple (2,77) of relation 16385 of database 16384 after 4028.657 ms
postgres-1  | 2026-09-06 14:58:49.061 UTC [3205] LOG:  process 3205 acquired ExclusiveLock on tuple (1,68) of relation 16385 of database 16384 after 2018.348 ms
postgres-1  | 2026-09-06 14:58:49.061 UTC [3213] LOG:  process 3213 acquired ExclusiveLock on tuple (1,65) of relation 16385 of database 16384 after 3019.561 ms
postgres-1  | 2026-09-06 14:58:49.061 UTC [3221] LOG:  process 3221 acquired ExclusiveLock on tuple (1,68) of relation 16385 of database 16384 after 2018.362 ms
postgres-1  | 2026-09-06 14:58:49.062 UTC [3187] LOG:  process 3187 acquired ExclusiveLock on tuple (1,68) of relation 16385 of database 16384 after 1876.852 ms
postgres-1  | 2026-09-06 14:58:49.070 UTC [3214] LOG:  process 3214 acquired ShareLock on transaction 3692 after 4037.138 ms
postgres-1  | 2026-09-06 14:58:49.070 UTC [3209] LOG:  process 3209 acquired ShareLock on transaction 3692 after 1921.751 ms
postgres-1  | 2026-09-06 14:58:49.070 UTC [3223] LOG:  process 3223 acquired ExclusiveLock on tuple (4,19) of relation 16385 of database 16384 after 4760.104 ms
postgres-1  | 2026-09-06 14:58:49.070 UTC [3185] LOG:  process 3185 acquired ExclusiveLock on tuple (4,19) of relation 16385 of database 16384 after 3755.796 ms
postgres-1  | 2026-09-06 14:58:49.070 UTC [3212] LOG:  process 3212 acquired ExclusiveLock on tuple (4,26) of relation 16385 of database 16384 after 1770.376 ms
postgres-1  | 2026-09-06 14:58:49.070 UTC [3184] LOG:  process 3184 acquired ExclusiveLock on tuple (4,19) of relation 16385 of database 16384 after 3712.830 ms
postgres-1  | 2026-09-06 14:58:50.064 UTC [3213] LOG:  process 3213 still waiting for ShareLock on transaction 3697 after 1002.385 ms
postgres-1  | 2026-09-06 14:58:50.064 UTC [3219] LOG:  process 3219 detected deadlock while waiting for ShareLock on transaction 3693 after 1001.313 ms
postgres-1  | 2026-09-06 14:58:50.064 UTC [3219] ERROR:  deadlock detected
postgres-1  | 2026-09-06 14:58:50.064 UTC [3213] LOG:  process 3213 acquired ShareLock on transaction 3697 after 1002.783 ms
postgres-1  | 2026-09-06 14:58:50.064 UTC [3206] LOG:  process 3206 still waiting for ExclusiveLock on tuple (2,64) of relation 16385 of database 16384 after 1001.622 ms
postgres-1  | 2026-09-06 14:58:50.064 UTC [3207] LOG:  process 3207 still waiting for ShareLock on transaction 3693 after 1003.011 ms
postgres-1  | 2026-09-06 14:58:50.068 UTC [3216] LOG:  process 3216 acquired ShareLock on transaction 3691 after 5035.624 ms
postgres-1  | 2026-09-06 14:58:50.069 UTC [3208] LOG:  process 3208 acquired ExclusiveLock on tuple (0,7) of relation 16385 of database 16384 after 6612.916 ms
postgres-1  | 2026-09-06 14:58:50.070 UTC [3210] LOG:  process 3210 still waiting for ShareLock on transaction 3688 after 1000.181 ms
postgres-1  | 2026-09-06 14:58:50.070 UTC [3221] LOG:  process 3221 still waiting for ShareLock on transaction 3688 after 1000.514 ms
postgres-1  | 2026-09-06 14:58:50.071 UTC [3223] LOG:  process 3223 still waiting for ShareLock on transaction 3695 after 1000.958 ms
postgres-1  | 2026-09-06 14:58:50.071 UTC [3212] LOG:  process 3212 still waiting for ShareLock on transaction 3704 after 1000.918 ms
postgres-1  | 2026-09-06 14:58:50.071 UTC [3184] LOG:  process 3184 still waiting for ShareLock on transaction 3695 after 1000.901 ms
postgres-1  | 2026-09-06 14:58:50.071 UTC [3187] LOG:  process 3187 still waiting for ShareLock on transaction 3688 after 1001.155 ms
postgres-1  | 2026-09-06 14:58:50.071 UTC [3185] LOG:  process 3185 still waiting for ShareLock on transaction 3695 after 1001.042 ms
postgres-1  | 2026-09-06 14:58:50.073 UTC [3211] LOG:  process 3211 acquired ShareLock on transaction 3679 after 5039.922 ms
postgres-1  | 2026-09-06 14:58:50.073 UTC [3188] LOG:  process 3188 acquired ExclusiveLock on tuple (2,64) of relation 16385 of database 16384 after 5707.703 ms
postgres-1  | 2026-09-06 14:58:50.073 UTC [3206] LOG:  process 3206 acquired ExclusiveLock on tuple (2,64) of relation 16385 of database 16384 after 1010.122 ms
postgres-1  | 2026-09-06 14:58:50.363 UTC [3218] LOG:  process 3218 still waiting for ExclusiveLock on tuple (2,81) of relation 16385 of database 16384 after 1004.258 ms
postgres-1  | 2026-09-06 14:58:51.070 UTC [3213] LOG:  process 3213 detected deadlock while waiting for ShareLock on transaction 3695 after 1001.870 ms
postgres-1  | 2026-09-06 14:58:51.070 UTC [3213] ERROR:  deadlock detected
postgres-1  | 2026-09-06 14:58:51.071 UTC [3224] LOG:  process 3224 still waiting for ShareLock on transaction 3695 after 1002.259 ms
postgres-1  | 2026-09-06 14:58:51.071 UTC [3217] LOG:  process 3217 acquired ShareLock on transaction 3656 after 5029.409 ms
postgres-1  | 2026-09-06 14:58:51.071 UTC [3222] LOG:  process 3222 acquired ShareLock on transaction 3656 after 5029.355 ms
postgres-1  | 2026-09-06 14:58:51.071 UTC [3209] LOG:  process 3209 still waiting for ShareLock on transaction 3693 after 1006.533 ms
postgres-1  | 2026-09-06 14:58:51.073 UTC [3188] LOG:  process 3188 still waiting for ShareLock on transaction 3696 after 1000.292 ms
postgres-1  | 2026-09-06 14:58:51.073 UTC [3205] LOG:  process 3205 still waiting for ShareLock on transaction 3698 after 1000.620 ms
postgres-1  | 2026-09-06 14:58:51.073 UTC [3206] LOG:  process 3206 detected deadlock while waiting for ShareLock on transaction 3696 after 1000.487 ms
postgres-1  | 2026-09-06 14:58:51.073 UTC [3206] ERROR:  deadlock detected
postgres-1  | 2026-09-06 14:58:51.073 UTC [3209] LOG:  process 3209 acquired ShareLock on transaction 3693 after 1009.194 ms
postgres-1  | 2026-09-06 14:58:51.073 UTC [3207] LOG:  process 3207 acquired ShareLock on transaction 3693 after 2012.177 ms
postgres-1  | 2026-09-06 14:58:51.074 UTC [3218] LOG:  process 3218 acquired ExclusiveLock on tuple (2,81) of relation 16385 of database 16384 after 1715.341 ms
postgres-1  | 2026-09-06 14:58:51.074 UTC [3186] LOG:  process 3186 still waiting for ShareLock on transaction 3696 after 1000.912 ms
postgres-1  | 2026-09-06 14:58:51.074 UTC [3208] LOG:  process 3208 still waiting for ShareLock on transaction 3695 after 1000.721 ms
postgres-1  | 2026-09-06 14:58:51.074 UTC [3215] LOG:  process 3215 still waiting for ShareLock on transaction 3696 after 1001.119 ms
postgres-1  | 2026-09-06 14:58:51.074 UTC [3211] LOG:  process 3211 still waiting for ShareLock on transaction 3695 after 1001.064 ms
postgres-1  | 2026-09-06 14:58:51.155 UTC [3216] LOG:  process 3216 detected deadlock while waiting for ExclusiveLock on tuple (2,81) of relation 16385 of database 16384 after 1004.017 ms
postgres-1  | 2026-09-06 14:58:51.155 UTC [3216] ERROR:  deadlock detected
postgres-1  | 2026-09-06 14:58:51.191 UTC [3220] LOG:  process 3220 still waiting for ShareLock on transaction 3696 after 1001.874 ms
postgres-1  | 2026-09-06 14:58:51.353 UTC [3219] LOG:  process 3219 still waiting for ExclusiveLock on tuple (1,77) of relation 16385 of database 16384 after 1001.078 ms
postgres-1  | 2026-09-06 14:58:52.073 UTC [3217] LOG:  process 3217 detected deadlock while waiting for ExclusiveLock on tuple (2,81) of relation 16385 of database 16384 after 1001.884 ms
postgres-1  | 2026-09-06 14:58:52.073 UTC [3222] LOG:  process 3222 still waiting for ExclusiveLock on tuple (2,78) of relation 16385 of database 16384 after 1002.584 ms
postgres-1  | 2026-09-06 14:58:52.074 UTC [3217] ERROR:  deadlock detected
postgres-1  | 2026-09-06 14:58:52.074 UTC [3207] LOG:  process 3207 still waiting for ShareLock on transaction 3704 after 1000.432 ms
postgres-1  | 2026-09-06 14:58:52.074 UTC [3222] LOG:  process 3222 acquired ExclusiveLock on tuple (2,78) of relation 16385 of database 16384 after 1003.379 ms
postgres-1  | 2026-09-06 14:58:52.078 UTC [3209] LOG:  process 3209 still waiting for ShareLock on transaction 3698 after 1003.921 ms
postgres-1  | 2026-09-06 14:58:52.078 UTC [3218] LOG:  process 3218 still waiting for ShareLock on transaction 3704 after 1004.459 ms
postgres-1  | 2026-09-06 14:58:52.083 UTC [3223] LOG:  process 3223 acquired ShareLock on transaction 3695 after 3013.334 ms
postgres-1  | 2026-09-06 14:58:52.083 UTC [3185] LOG:  process 3185 acquired ShareLock on transaction 3695 after 3013.285 ms
postgres-1  | 2026-09-06 14:58:52.083 UTC [3184] LOG:  process 3184 acquired ShareLock on transaction 3695 after 3013.224 ms
postgres-1  | 2026-09-06 14:58:52.083 UTC [3224] LOG:  process 3224 acquired ShareLock on transaction 3695 after 2014.951 ms
postgres-1  | 2026-09-06 14:58:52.083 UTC [3208] LOG:  process 3208 acquired ShareLock on transaction 3695 after 2010.427 ms
postgres-1  | 2026-09-06 14:58:52.083 UTC [3211] LOG:  process 3211 acquired ShareLock on transaction 3695 after 2010.418 ms
postgres-1  | 2026-09-06 14:58:52.084 UTC [3219] LOG:  process 3219 acquired ExclusiveLock on tuple (1,77) of relation 16385 of database 16384 after 1731.789 ms
postgres-1  | 2026-09-06 14:58:52.221 UTC [3206] LOG:  process 3206 still waiting for ExclusiveLock on tuple (0,10) of relation 16385 of database 16384 after 1004.729 ms
postgres-1  | 2026-09-06 14:58:52.261 UTC [3213] LOG:  process 3213 detected deadlock while waiting for ShareLock on transaction 3688 after 1010.295 ms
postgres-1  | 2026-09-06 14:58:52.261 UTC [3213] ERROR:  deadlock detected
postgres-1  | 2026-09-06 14:58:52.279 UTC [3216] LOG:  process 3216 still waiting for ExclusiveLock on tuple (2,81) of relation 16385 of database 16384 after 1002.693 ms
postgres-1  | 2026-09-06 14:58:53.084 UTC [3185] LOG:  process 3185 still waiting for ShareLock on transaction 3699 after 1000.798 ms
postgres-1  | 2026-09-06 14:58:53.084 UTC [3184] LOG:  process 3184 still waiting for ShareLock on transaction 3699 after 1000.697 ms
postgres-1  | 2026-09-06 14:58:53.084 UTC [3219] LOG:  process 3219 still waiting for ShareLock on transaction 3709 after 1000.657 ms
postgres-1  | 2026-09-06 14:58:53.084 UTC [3208] LOG:  process 3208 detected deadlock while waiting for ShareLock on transaction 3709 after 1000.804 ms
postgres-1  | 2026-09-06 14:58:53.084 UTC [3208] ERROR:  deadlock detected
postgres-1  | 2026-09-06 14:58:53.084 UTC [3211] LOG:  process 3211 still waiting for ShareLock on transaction 3699 after 1000.945 ms
postgres-1  | 2026-09-06 14:58:53.084 UTC [3205] LOG:  process 3205 acquired ShareLock on transaction 3698 after 3011.908 ms
postgres-1  | 2026-09-06 14:58:53.084 UTC [3209] LOG:  process 3209 acquired ShareLock on transaction 3698 after 2010.490 ms
postgres-1  | 2026-09-06 14:58:53.085 UTC [3222] LOG:  process 3222 still waiting for ShareLock on transaction 3704 after 1000.291 ms
postgres-1  | 2026-09-06 14:58:53.085 UTC [3224] LOG:  process 3224 still waiting for ExclusiveLock on tuple (1,75) of relation 16385 of database 16384 after 1000.346 ms
postgres-1  | 2026-09-06 14:58:53.267 UTC [3223] LOG:  process 3223 detected deadlock while waiting for ShareLock on transaction 3688 after 1005.713 ms
postgres-1  | 2026-09-06 14:58:53.267 UTC [3223] ERROR:  deadlock detected
postgres-1  | 2026-09-06 14:58:53.267 UTC [3185] LOG:  process 3185 acquired ShareLock on transaction 3699 after 1183.763 ms
postgres-1  | 2026-09-06 14:58:53.267 UTC [3211] LOG:  process 3211 acquired ShareLock on transaction 3699 after 1183.700 ms
postgres-1  | 2026-09-06 14:58:53.267 UTC [3184] LOG:  process 3184 acquired ShareLock on transaction 3699 after 1183.701 ms
postgres-1  | 2026-09-06 14:58:53.267 UTC [3224] LOG:  process 3224 acquired ExclusiveLock on tuple (1,75) of relation 16385 of database 16384 after 1182.670 ms
postgres-1  | 2026-09-06 14:58:53.289 UTC [3217] LOG:  process 3217 still waiting for ExclusiveLock on tuple (1,75) of relation 16385 of database 16384 after 1007.927 ms
postgres-1  | 2026-09-06 14:58:53.320 UTC [3214] LOG:  process 3214 still waiting for ExclusiveLock on tuple (4,27) of relation 16385 of database 16384 after 1001.336 ms
postgres-1  | 2026-09-06 14:58:53.483 UTC [3213] LOG:  process 3213 still waiting for ExclusiveLock on tuple (1,75) of relation 16385 of database 16384 after 1006.274 ms
postgres-1  | 2026-09-06 14:58:54.036 UTC [3188] LOG:  process 3188 still waiting for ShareLock on transaction 3696 after 3963.734 ms
postgres-1  | 2026-09-06 14:58:54.095 UTC [3209] LOG:  process 3209 detected deadlock while waiting for ShareLock on transaction 3688 after 1010.541 ms
postgres-1  | 2026-09-06 14:58:54.095 UTC [3205] LOG:  process 3205 still waiting for ExclusiveLock on tuple (2,80) of relation 16385 of database 16384 after 1010.238 ms
postgres-1  | 2026-09-06 14:58:54.095 UTC [3209] ERROR:  deadlock detected
postgres-1  | 2026-09-06 14:58:54.095 UTC [3212] LOG:  process 3212 acquired ShareLock on transaction 3704 after 5025.400 ms
postgres-1  | 2026-09-06 14:58:54.095 UTC [3207] LOG:  process 3207 acquired ShareLock on transaction 3704 after 3021.889 ms
postgres-1  | 2026-09-06 14:58:54.095 UTC [3218] LOG:  process 3218 acquired ShareLock on transaction 3704 after 3021.834 ms
postgres-1  | 2026-09-06 14:58:54.096 UTC [3206] LOG:  process 3206 acquired ExclusiveLock on tuple (0,10) of relation 16385 of database 16384 after 2878.891 ms
postgres-1  | 2026-09-06 14:58:54.096 UTC [3222] LOG:  process 3222 acquired ShareLock on transaction 3704 after 2010.901 ms
postgres-1  | 2026-09-06 14:58:54.268 UTC [3211] LOG:  process 3211 detected deadlock while waiting for ShareLock on transaction 3701 after 1000.819 ms
postgres-1  | 2026-09-06 14:58:54.268 UTC [3224] LOG:  process 3224 still waiting for ShareLock on transaction 3688 after 1000.815 ms
postgres-1  | 2026-09-06 14:58:54.268 UTC [3211] ERROR:  deadlock detected
postgres-1  | 2026-09-06 14:58:54.269 UTC [3185] LOG:  process 3185 still waiting for ExclusiveLock on tuple (0,10) of relation 16385 of database 16384 after 1000.830 ms
postgres-1  | 2026-09-06 14:58:54.269 UTC [3188] LOG:  process 3188 acquired ShareLock on transaction 3696 after 4195.945 ms
postgres-1  | 2026-09-06 14:58:54.269 UTC [3186] LOG:  process 3186 acquired ShareLock on transaction 3696 after 4195.800 ms
postgres-1  | 2026-09-06 14:58:54.269 UTC [3215] LOG:  process 3215 acquired ShareLock on transaction 3696 after 4195.752 ms
postgres-1  | 2026-09-06 14:58:54.269 UTC [3220] LOG:  process 3220 acquired ShareLock on transaction 3696 after 4079.472 ms
postgres-1  | 2026-09-06 14:58:54.351 UTC [3208] LOG:  process 3208 still waiting for ExclusiveLock on tuple (4,29) of relation 16385 of database 16384 after 1003.657 ms
postgres-1  | 2026-09-06 14:58:54.574 UTC [3223] LOG:  process 3223 still waiting for ExclusiveLock on tuple (4,29) of relation 16385 of database 16384 after 1003.909 ms
postgres-1  | 2026-09-06 14:58:55.033 UTC [3185] LOG:  process 3185 still waiting for ExclusiveLock on tuple (0,10) of relation 16385 of database 16384 after 1765.701 ms
postgres-1  | 2026-09-06 14:58:55.096 UTC [3222] LOG:  process 3222 still waiting for ShareLock on transaction 3706 after 1000.146 ms
postgres-1  | 2026-09-06 14:58:55.096 UTC [3218] LOG:  process 3218 still waiting for ShareLock on transaction 3689 after 1000.201 ms
postgres-1  | 2026-09-06 14:58:55.096 UTC [3206] LOG:  process 3206 detected deadlock while waiting for ShareLock on transaction 3688 after 1000.599 ms
postgres-1  | 2026-09-06 14:58:55.096 UTC [3206] ERROR:  deadlock detected
postgres-1  | 2026-09-06 14:58:55.097 UTC [3185] LOG:  process 3185 acquired ExclusiveLock on tuple (0,10) of relation 16385 of database 16384 after 1828.770 ms
postgres-1  | 2026-09-06 14:58:55.098 UTC [3212] LOG:  process 3212 still waiting for ShareLock on transaction 3709 after 1001.292 ms
postgres-1  | 2026-09-06 14:58:55.106 UTC [3207] LOG:  process 3207 still waiting for ShareLock on transaction 3690 after 1009.699 ms
postgres-1  | 2026-09-06 14:58:55.186 UTC [3209] LOG:  process 3209 detected deadlock while waiting for ExclusiveLock on tuple (0,10) of relation 16385 of database 16384 after 1000.591 ms
postgres-1  | 2026-09-06 14:58:55.186 UTC [3209] ERROR:  deadlock detected
postgres-1  | 2026-09-06 14:58:55.269 UTC [3188] LOG:  process 3188 still waiting for ExclusiveLock on tuple (2,80) of relation 16385 of database 16384 after 1000.276 ms
postgres-1  | 2026-09-06 14:58:55.269 UTC [3220] LOG:  process 3220 detected deadlock while waiting for ShareLock on transaction 3708 after 1000.401 ms
postgres-1  | 2026-09-06 14:58:55.269 UTC [3215] LOG:  process 3215 still waiting for ExclusiveLock on tuple (2,80) of relation 16385 of database 16384 after 1000.448 ms
postgres-1  | 2026-09-06 14:58:55.269 UTC [3220] ERROR:  deadlock detected
postgres-1  | 2026-09-06 14:58:55.269 UTC [3184] LOG:  process 3184 still waiting for ShareLock on transaction 3701 after 1000.629 ms
postgres-1  | 2026-09-06 14:58:55.269 UTC [3205] LOG:  process 3205 acquired ExclusiveLock on tuple (2,80) of relation 16385 of database 16384 after 2184.536 ms
postgres-1  | 2026-09-06 14:58:55.271 UTC [3186] LOG:  process 3186 detected deadlock while waiting for ExclusiveLock on tuple (0,10) of relation 16385 of database 16384 after 1000.944 ms
postgres-1  | 2026-09-06 14:58:55.271 UTC [3186] ERROR:  deadlock detected
postgres-1  | 2026-09-06 14:58:55.271 UTC [3215] LOG:  process 3215 acquired ExclusiveLock on tuple (2,80) of relation 16385 of database 16384 after 1002.141 ms
postgres-1  | 2026-09-06 14:58:55.275 UTC [3221] LOG:  process 3221 acquired ShareLock on transaction 3688 after 6205.073 ms
postgres-1  | 2026-09-06 14:58:55.275 UTC [3210] LOG:  process 3210 acquired ShareLock on transaction 3688 after 6205.068 ms
postgres-1  | 2026-09-06 14:58:55.275 UTC [3187] LOG:  process 3187 acquired ShareLock on transaction 3688 after 6204.957 ms
postgres-1  | 2026-09-06 14:58:55.275 UTC [3224] LOG:  process 3224 acquired ShareLock on transaction 3688 after 2007.602 ms
postgres-1  | 2026-09-06 14:58:55.275 UTC [3217] LOG:  process 3217 acquired ExclusiveLock on tuple (1,75) of relation 16385 of database 16384 after 2993.691 ms
postgres-1  | 2026-09-06 14:58:55.275 UTC [3188] LOG:  process 3188 acquired ExclusiveLock on tuple (2,80) of relation 16385 of database 16384 after 1006.429 ms
postgres-1  | 2026-09-06 14:58:55.275 UTC [3213] LOG:  process 3213 acquired ExclusiveLock on tuple (1,75) of relation 16385 of database 16384 after 2798.222 ms
postgres-1  | 2026-09-06 14:58:55.278 UTC [3184] LOG:  process 3184 acquired ShareLock on transaction 3701 after 1009.527 ms
postgres-1  | 2026-09-06 14:58:55.278 UTC [3208] LOG:  process 3208 acquired ExclusiveLock on tuple (4,29) of relation 16385 of database 16384 after 1931.528 ms
postgres-1  | 2026-09-06 14:58:55.279 UTC [3223] LOG:  process 3223 acquired ExclusiveLock on tuple (4,29) of relation 16385 of database 16384 after 1708.617 ms
postgres-1  | 2026-09-06 14:58:55.397 UTC [3211] LOG:  process 3211 still waiting for ExclusiveLock on tuple (2,81) of relation 16385 of database 16384 after 1000.800 ms
postgres-1  | 2026-09-06 14:58:56.276 UTC [3221] LOG:  process 3221 detected deadlock while waiting for ExclusiveLock on tuple (4,27) of relation 16385 of database 16384 after 1000.642 ms
postgres-1  | 2026-09-06 14:58:56.276 UTC [3187] LOG:  process 3187 still waiting for ShareLock on transaction 3620 after 1001.516 ms
postgres-1  | 2026-09-06 14:58:56.277 UTC [3221] ERROR:  deadlock detected
postgres-1  | 2026-09-06 14:58:56.277 UTC [3210] LOG:  process 3210 still waiting for ShareLock on transaction 3620 after 1001.854 ms
postgres-1  | 2026-09-06 14:58:56.277 UTC [3187] LOG:  process 3187 acquired ShareLock on transaction 3620 after 1002.025 ms
postgres-1  | 2026-09-06 14:58:56.277 UTC [3210] LOG:  process 3210 acquired ShareLock on transaction 3620 after 1002.006 ms
postgres-1  | 2026-09-06 14:58:56.277 UTC [3188] LOG:  process 3188 still waiting for ShareLock on transaction 3710 after 1001.817 ms
postgres-1  | 2026-09-06 14:58:56.277 UTC [3215] LOG:  process 3215 still waiting for ExclusiveLock on tuple (2,87) of relation 16385 of database 16384 after 1001.413 ms
postgres-1  | 2026-09-06 14:58:56.279 UTC [3184] LOG:  process 3184 detected deadlock while waiting for ShareLock on transaction 3725 after 1000.216 ms
postgres-1  | 2026-09-06 14:58:56.279 UTC [3223] LOG:  process 3223 still waiting for ShareLock on transaction 3702 after 1000.689 ms
postgres-1  | 2026-09-06 14:58:56.279 UTC [3184] ERROR:  deadlock detected
postgres-1  | 2026-09-06 14:58:56.279 UTC [3208] LOG:  process 3208 still waiting for ShareLock on transaction 3702 after 1000.914 ms
postgres-1  | 2026-09-06 14:58:56.279 UTC [3208] LOG:  process 3208 acquired ShareLock on transaction 3702 after 1001.035 ms
postgres-1  | 2026-09-06 14:58:56.280 UTC [3223] LOG:  process 3223 acquired ShareLock on transaction 3702 after 1000.912 ms
postgres-1  | 2026-09-06 14:58:56.280 UTC [3206] LOG:  process 3206 still waiting for ShareLock on transaction 3710 after 1000.675 ms
postgres-1  | 2026-09-06 14:58:56.424 UTC [3186] LOG:  process 3186 still waiting for ExclusiveLock on tuple (2,91) of relation 16385 of database 16384 after 1002.140 ms
postgres-1  | 2026-09-06 14:58:56.427 UTC [3185] LOG:  process 3185 still waiting for ExclusiveLock on tuple (2,87) of relation 16385 of database 16384 after 1001.260 ms
postgres-1  | 2026-09-06 14:58:56.459 UTC [3205] LOG:  process 3205 still waiting for ExclusiveLock on tuple (2,91) of relation 16385 of database 16384 after 1001.938 ms
postgres-1  | 2026-09-06 14:58:56.502 UTC [3220] LOG:  process 3220 still waiting for ExclusiveLock on tuple (2,91) of relation 16385 of database 16384 after 1000.424 ms
postgres-1  | 2026-09-06 14:58:57.280 UTC [3187] LOG:  process 3187 detected deadlock while waiting for ShareLock on transaction 3721 after 1000.057 ms
postgres-1  | 2026-09-06 14:58:57.280 UTC [3187] ERROR:  deadlock detected
postgres-1  | 2026-09-06 14:58:57.280 UTC [3210] LOG:  process 3210 still waiting for ExclusiveLock on tuple (1,76) of relation 16385 of database 16384 after 1002.714 ms
postgres-1  | 2026-09-06 14:58:57.280 UTC [3209] LOG:  process 3209 still waiting for ShareLock on transaction 3725 after 1000.635 ms
postgres-1  | 2026-09-06 14:58:57.282 UTC [3208] LOG:  process 3208 detected deadlock while waiting for ExclusiveLock on tuple (0,13) of relation 16385 of database 16384 after 1001.476 ms
postgres-1  | 2026-09-06 14:58:57.282 UTC [3208] ERROR:  deadlock detected
postgres-1  | 2026-09-06 14:58:57.499 UTC [3184] LOG:  process 3184 detected deadlock while waiting for ExclusiveLock on tuple (2,81) of relation 16385 of database 16384 after 1009.322 ms
postgres-1  | 2026-09-06 14:58:57.499 UTC [3184] ERROR:  deadlock detected
postgres-1  | 2026-09-06 14:58:57.532 UTC [3221] LOG:  process 3221 still waiting for ExclusiveLock on tuple (1,78) of relation 16385 of database 16384 after 1003.836 ms
postgres-1  | 2026-09-06 14:58:58.285 UTC [3224] LOG:  process 3224 detected deadlock while waiting for ShareLock on transaction 3722 after 1003.531 ms
postgres-1  | 2026-09-06 14:58:58.285 UTC [3217] LOG:  process 3217 still waiting for ShareLock on transaction 3709 after 1005.233 ms
postgres-1  | 2026-09-06 14:58:58.285 UTC [3224] ERROR:  deadlock detected
postgres-1  | 2026-09-06 14:58:58.286 UTC [3219] LOG:  process 3219 acquired ShareLock on transaction 3709 after 6202.304 ms
postgres-1  | 2026-09-06 14:58:58.286 UTC [3217] LOG:  process 3217 acquired ShareLock on transaction 3709 after 1005.892 ms
postgres-1  | 2026-09-06 14:58:58.286 UTC [3212] LOG:  process 3212 acquired ShareLock on transaction 3709 after 4189.707 ms
postgres-1  | 2026-09-06 14:58:58.286 UTC [3223] LOG:  process 3223 still waiting for ExclusiveLock on tuple (2,81) of relation 16385 of database 16384 after 1003.831 ms
postgres-1  | 2026-09-06 14:58:58.286 UTC [3210] LOG:  process 3210 acquired ExclusiveLock on tuple (1,76) of relation 16385 of database 16384 after 2009.066 ms
postgres-1  | 2026-09-06 14:58:58.286 UTC [3213] LOG:  process 3213 still waiting for ExclusiveLock on tuple (1,76) of relation 16385 of database 16384 after 1006.282 ms
postgres-1  | 2026-09-06 14:58:58.557 UTC [3208] LOG:  process 3208 still waiting for ExclusiveLock on tuple (1,78) of relation 16385 of database 16384 after 1001.171 ms
postgres-1  | 2026-09-06 14:58:58.751 UTC [3184] LOG:  process 3184 detected deadlock while waiting for ExclusiveLock on tuple (2,81) of relation 16385 of database 16384 after 1006.208 ms
postgres-1  | 2026-09-06 14:58:58.751 UTC [3184] ERROR:  deadlock detected
postgres-1  | 2026-09-06 14:58:59.289 UTC [3210] LOG:  process 3210 still waiting for ShareLock on transaction 3718 after 1002.991 ms
postgres-1  | 2026-09-06 14:58:59.289 UTC [3212] LOG:  process 3212 detected deadlock while waiting for ShareLock on transaction 3714 after 1003.196 ms
postgres-1  | 2026-09-06 14:58:59.289 UTC [3212] ERROR:  deadlock detected
postgres-1  | 2026-09-06 14:58:59.290 UTC [3187] LOG:  process 3187 still waiting for ShareLock on transaction 3722 after 1003.422 ms
postgres-1  | 2026-09-06 14:58:59.290 UTC [3217] LOG:  process 3217 still waiting for ExclusiveLock on tuple (2,87) of relation 16385 of database 16384 after 1002.072 ms
postgres-1  | 2026-09-06 14:58:59.290 UTC [3222] LOG:  process 3222 acquired ShareLock on transaction 3706 after 5194.092 ms
postgres-1  | 2026-09-06 14:58:59.290 UTC [3221] LOG:  process 3221 acquired ExclusiveLock on tuple (1,78) of relation 16385 of database 16384 after 2761.544 ms
postgres-1  | 2026-09-06 14:58:59.290 UTC [3214] LOG:  process 3214 acquired ExclusiveLock on tuple (4,27) of relation 16385 of database 16384 after 6970.983 ms
postgres-1  | 2026-09-06 14:58:59.290 UTC [3219] LOG:  process 3219 still waiting for ExclusiveLock on tuple (2,81) of relation 16385 of database 16384 after 1002.236 ms
postgres-1  | 2026-09-06 14:58:59.548 UTC [3224] LOG:  process 3224 still waiting for ExclusiveLock on tuple (1,78) of relation 16385 of database 16384 after 1008.892 ms
postgres-1  | 2026-09-06 14:59:00.045 UTC [3184] LOG:  process 3184 detected deadlock while waiting for ExclusiveLock on tuple (2,81) of relation 16385 of database 16384 after 1001.731 ms
postgres-1  | 2026-09-06 14:59:00.045 UTC [3184] ERROR:  deadlock detected
postgres-1  | 2026-09-06 14:59:00.291 UTC [3214] LOG:  process 3214 still waiting for ShareLock on transaction 3690 after 1001.454 ms
postgres-1  | 2026-09-06 14:59:00.292 UTC [3222] LOG:  process 3222 detected deadlock while waiting for ExclusiveLock on tuple (2,81) of relation 16385 of database 16384 after 1001.098 ms
postgres-1  | 2026-09-06 14:59:00.292 UTC [3222] ERROR:  deadlock detected
postgres-1  | 2026-09-06 14:59:00.292 UTC [3214] LOG:  process 3214 acquired ShareLock on transaction 3690 after 1002.157 ms
postgres-1  | 2026-09-06 14:59:00.292 UTC [3207] LOG:  process 3207 acquired ShareLock on transaction 3690 after 6195.608 ms
postgres-1  | 2026-09-06 14:59:00.292 UTC [3215] LOG:  process 3215 acquired ExclusiveLock on tuple (2,87) of relation 16385 of database 16384 after 5016.410 ms
postgres-1  | 2026-09-06 14:59:00.292 UTC [3221] LOG:  process 3221 still waiting for ShareLock on transaction 3714 after 1002.583 ms
postgres-1  | 2026-09-06 14:59:00.601 UTC [3212] LOG:  process 3212 still waiting for ExclusiveLock on tuple (2,81) of relation 16385 of database 16384 after 1002.128 ms
postgres-1  | 2026-09-06 14:59:01.296 UTC [3215] LOG:  process 3215 detected deadlock while waiting for ShareLock on transaction 3689 after 1003.549 ms
postgres-1  | 2026-09-06 14:59:01.296 UTC [3215] ERROR:  deadlock detected
postgres-1  | 2026-09-06 14:59:01.296 UTC [3185] LOG:  process 3185 acquired ExclusiveLock on tuple (2,87) of relation 16385 of database 16384 after 5870.192 ms
postgres-1  | 2026-09-06 14:59:01.296 UTC [3188] LOG:  process 3188 acquired ShareLock on transaction 3710 after 6020.940 ms
postgres-1  | 2026-09-06 14:59:01.296 UTC [3206] LOG:  process 3206 acquired ShareLock on transaction 3710 after 6017.232 ms
postgres-1  | 2026-09-06 14:59:01.296 UTC [3214] LOG:  process 3214 still waiting for ExclusiveLock on tuple (0,13) of relation 16385 of database 16384 after 1003.185 ms
postgres-1  | 2026-09-06 14:59:01.296 UTC [3207] LOG:  process 3207 still waiting for ExclusiveLock on tuple (2,91) of relation 16385 of database 16384 after 1003.203 ms
postgres-1  | 2026-09-06 14:59:01.397 UTC [3184] LOG:  process 3184 still waiting for ExclusiveLock on tuple (2,81) of relation 16385 of database 16384 after 1002.727 ms
postgres-1  | 2026-09-06 14:59:01.398 UTC [3222] LOG:  process 3222 still waiting for ShareLock on transaction 3719 after 1008.229 ms
postgres-1  | 2026-09-06 14:59:02.297 UTC [3206] LOG:  process 3206 detected deadlock while waiting for ShareLock on transaction 3700 after 1000.670 ms
postgres-1  | 2026-09-06 14:59:02.297 UTC [3206] ERROR:  deadlock detected
postgres-1  | 2026-09-06 14:59:02.297 UTC [3209] LOG:  process 3209 acquired ShareLock on transaction 3725 after 6017.863 ms
postgres-1  | 2026-09-06 14:59:02.297 UTC [3186] LOG:  process 3186 acquired ExclusiveLock on tuple (2,91) of relation 16385 of database 16384 after 6875.875 ms
postgres-1  | 2026-09-06 14:59:02.297 UTC [3185] LOG:  process 3185 still waiting for ShareLock on transaction 3689 after 1001.317 ms
postgres-1  | 2026-09-06 14:59:02.297 UTC [3214] LOG:  process 3214 acquired ExclusiveLock on tuple (0,13) of relation 16385 of database 16384 after 2004.461 ms
postgres-1  | 2026-09-06 14:59:02.298 UTC [3188] LOG:  process 3188 detected deadlock while waiting for ExclusiveLock on tuple (4,31) of relation 16385 of database 16384 after 1001.217 ms
postgres-1  | 2026-09-06 14:59:02.298 UTC [3188] ERROR:  deadlock detected
postgres-1  | 2026-09-06 14:59:02.299 UTC [3205] LOG:  process 3205 acquired ExclusiveLock on tuple (2,91) of relation 16385 of database 16384 after 6841.604 ms
postgres-1  | 2026-09-06 14:59:02.444 UTC [3215] LOG:  process 3215 still waiting for ExclusiveLock on tuple (2,81) of relation 16385 of database 16384 after 1010.823 ms
postgres-1  | 2026-09-06 14:59:03.300 UTC [3209] LOG:  process 3209 still waiting for ExclusiveLock on tuple (2,81) of relation 16385 of database 16384 after 1001.154 ms
postgres-1  | 2026-09-06 14:59:03.300 UTC [3205] LOG:  process 3205 detected deadlock while waiting for ShareLock on transaction 3727 after 1000.884 ms
postgres-1  | 2026-09-06 14:59:03.300 UTC [3205] ERROR:  deadlock detected
postgres-1  | 2026-09-06 14:59:03.300 UTC [3214] LOG:  process 3214 still waiting for ShareLock on transaction 3726 after 1002.394 ms
postgres-1  | 2026-09-06 14:59:03.300 UTC [3220] LOG:  process 3220 acquired ExclusiveLock on tuple (2,91) of relation 16385 of database 16384 after 7798.464 ms
postgres-1  | 2026-09-06 14:59:03.301 UTC [3186] LOG:  process 3186 detected deadlock while waiting for ExclusiveLock on tuple (4,31) of relation 16385 of database 16384 after 1001.829 ms
postgres-1  | 2026-09-06 14:59:03.301 UTC [3186] ERROR:  deadlock detected
postgres-1  | 2026-09-06 14:59:03.302 UTC [3207] LOG:  process 3207 acquired ExclusiveLock on tuple (2,91) of relation 16385 of database 16384 after 3008.713 ms
postgres-1  | 2026-09-06 14:59:03.457 UTC [3206] LOG:  process 3206 detected deadlock while waiting for ExclusiveLock on tuple (0,13) of relation 16385 of database 16384 after 1002.267 ms
postgres-1  | 2026-09-06 14:59:03.458 UTC [3206] ERROR:  deadlock detected
postgres-1  | 2026-09-06 14:59:03.503 UTC [3188] LOG:  process 3188 still waiting for ExclusiveLock on tuple (2,81) of relation 16385 of database 16384 after 1009.817 ms
postgres-1  | 2026-09-06 14:59:04.304 UTC [3220] LOG:  process 3220 detected deadlock while waiting for ExclusiveLock on tuple (0,13) of relation 16385 of database 16384 after 1001.989 ms
postgres-1  | 2026-09-06 14:59:04.304 UTC [3220] ERROR:  deadlock detected
postgres-1  | 2026-09-06 14:59:04.311 UTC [3218] LOG:  process 3218 acquired ShareLock on transaction 3689 after 10215.973 ms
postgres-1  | 2026-09-06 14:59:04.312 UTC [3185] LOG:  process 3185 acquired ShareLock on transaction 3689 after 3015.417 ms
postgres-1  | 2026-09-06 14:59:04.312 UTC [3216] LOG:  process 3216 acquired ExclusiveLock on tuple (2,81) of relation 16385 of database 16384 after 13035.568 ms
postgres-1  | 2026-09-06 14:59:04.312 UTC [3217] LOG:  process 3217 acquired ExclusiveLock on tuple (2,87) of relation 16385 of database 16384 after 6024.279 ms
postgres-1  | 2026-09-06 14:59:04.312 UTC [3211] LOG:  process 3211 acquired ExclusiveLock on tuple (2,81) of relation 16385 of database 16384 after 9915.188 ms
postgres-1  | 2026-09-06 14:59:04.312 UTC [3223] LOG:  process 3223 acquired ExclusiveLock on tuple (2,81) of relation 16385 of database 16384 after 7029.573 ms
postgres-1  | 2026-09-06 14:59:04.312 UTC [3219] LOG:  process 3219 acquired ExclusiveLock on tuple (2,81) of relation 16385 of database 16384 after 6024.526 ms
postgres-1  | 2026-09-06 14:59:04.312 UTC [3212] LOG:  process 3212 acquired ExclusiveLock on tuple (2,81) of relation 16385 of database 16384 after 4712.858 ms
postgres-1  | 2026-09-06 14:59:04.312 UTC [3184] LOG:  process 3184 acquired ExclusiveLock on tuple (2,81) of relation 16385 of database 16384 after 3918.024 ms
postgres-1  | 2026-09-06 14:59:04.312 UTC [3215] LOG:  process 3215 acquired ExclusiveLock on tuple (2,81) of relation 16385 of database 16384 after 2878.936 ms
postgres-1  | 2026-09-06 14:59:04.312 UTC [3209] LOG:  process 3209 acquired ExclusiveLock on tuple (2,81) of relation 16385 of database 16384 after 2013.908 ms
postgres-1  | 2026-09-06 14:59:04.312 UTC [3188] LOG:  process 3188 acquired ExclusiveLock on tuple (2,81) of relation 16385 of database 16384 after 1819.756 ms
postgres-1  | 2026-09-06 14:59:04.666 UTC [3206] LOG:  process 3206 still waiting for ExclusiveLock on tuple (0,13) of relation 16385 of database 16384 after 1001.079 ms
postgres-1  | 2026-09-06 14:59:05.314 UTC [3217] LOG:  process 3217 still waiting for ShareLock on transaction 3728 after 1002.307 ms
postgres-1  | 2026-09-06 14:59:05.314 UTC [3215] LOG:  process 3215 still waiting for ShareLock on transaction 3711 after 1001.747 ms
postgres-1  | 2026-09-06 14:59:05.314 UTC [3188] LOG:  process 3188 still waiting for ShareLock on transaction 3711 after 1001.671 ms
postgres-1  | 2026-09-06 14:59:05.314 UTC [3216] LOG:  process 3216 still waiting for ShareLock on transaction 3711 after 1002.484 ms
postgres-1  | 2026-09-06 14:59:05.314 UTC [3219] LOG:  process 3219 detected deadlock while waiting for ShareLock on transaction 3711 after 1002.112 ms
postgres-1  | 2026-09-06 14:59:05.314 UTC [3186] LOG:  process 3186 still waiting for ShareLock on transaction 3711 after 1001.684 ms
postgres-1  | 2026-09-06 14:59:05.314 UTC [3209] LOG:  process 3209 still waiting for ShareLock on transaction 3711 after 1001.844 ms
postgres-1  | 2026-09-06 14:59:05.314 UTC [3219] ERROR:  deadlock detected
postgres-1  | 2026-09-06 14:59:05.314 UTC [3212] LOG:  process 3212 still waiting for ShareLock on transaction 3711 after 1002.113 ms
postgres-1  | 2026-09-06 14:59:05.314 UTC [3185] LOG:  process 3185 still waiting for ExclusiveLock on tuple (1,78) of relation 16385 of database 16384 after 1001.523 ms
postgres-1  | 2026-09-06 14:59:05.314 UTC [3184] LOG:  process 3184 still waiting for ShareLock on transaction 3711 after 1002.068 ms
postgres-1  | 2026-09-06 14:59:05.314 UTC [3205] LOG:  process 3205 still waiting for ExclusiveLock on tuple (1,78) of relation 16385 of database 16384 after 1001.607 ms
postgres-1  | 2026-09-06 14:59:05.314 UTC [3211] LOG:  process 3211 still waiting for ShareLock on transaction 3711 after 1002.503 ms
postgres-1  | 2026-09-06 14:59:05.314 UTC [3218] LOG:  process 3218 still waiting for ExclusiveLock on tuple (1,78) of relation 16385 of database 16384 after 1001.656 ms
postgres-1  | 2026-09-06 14:59:05.314 UTC [3223] LOG:  process 3223 still waiting for ShareLock on transaction 3711 after 1002.434 ms
postgres-1  | 2026-09-06 14:59:05.315 UTC [3221] LOG:  process 3221 acquired ShareLock on transaction 3714 after 6024.869 ms
postgres-1  | 2026-09-06 14:59:05.315 UTC [3208] LOG:  process 3208 acquired ExclusiveLock on tuple (1,78) of relation 16385 of database 16384 after 7758.543 ms
postgres-1  | 2026-09-06 14:59:05.564 UTC [3220] LOG:  process 3220 still waiting for ExclusiveLock on tuple (1,78) of relation 16385 of database 16384 after 1006.728 ms
postgres-1  | 2026-09-06 14:59:05.604 UTC [3207] LOG:  process 3207 detected deadlock while waiting for ExclusiveLock on tuple (0,13) of relation 16385 of database 16384 after 1009.325 ms
postgres-1  | 2026-09-06 14:59:05.604 UTC [3207] ERROR:  deadlock detected
postgres-1  | 2026-09-06 14:59:06.320 UTC [3221] LOG:  process 3221 detected deadlock while waiting for ExclusiveLock on tuple (0,13) of relation 16385 of database 16384 after 1004.040 ms
postgres-1  | 2026-09-06 14:59:06.320 UTC [3208] LOG:  process 3208 still waiting for ShareLock on transaction 3732 after 1005.303 ms
postgres-1  | 2026-09-06 14:59:06.320 UTC [3221] ERROR:  deadlock detected
postgres-1  | 2026-09-06 14:59:06.321 UTC [3208] LOG:  process 3208 acquired ShareLock on transaction 3732 after 1005.727 ms
postgres-1  | 2026-09-06 14:59:06.321 UTC [3224] LOG:  process 3224 acquired ExclusiveLock on tuple (1,78) of relation 16385 of database 16384 after 7781.561 ms
postgres-1  | 2026-09-06 14:59:06.638 UTC [3219] LOG:  process 3219 still waiting for ShareLock on transaction 3744 after 1003.281 ms
postgres-1  | 2026-09-06 14:59:06.943 UTC [3207] LOG:  process 3207 detected deadlock while waiting for ExclusiveLock on tuple (0,13) of relation 16385 of database 16384 after 1011.231 ms
postgres-1  | 2026-09-06 14:59:06.943 UTC [3207] ERROR:  deadlock detected
postgres-1  | 2026-09-06 14:59:07.322 UTC [3224] LOG:  process 3224 detected deadlock while waiting for ShareLock on transaction 3733 after 1000.754 ms
postgres-1  | 2026-09-06 14:59:07.322 UTC [3224] ERROR:  deadlock detected
postgres-1  | 2026-09-06 14:59:07.322 UTC [3218] LOG:  process 3218 acquired ExclusiveLock on tuple (1,78) of relation 16385 of database 16384 after 3009.050 ms
postgres-1  | 2026-09-06 14:59:07.322 UTC [3208] LOG:  process 3208 detected deadlock while waiting for ExclusiveLock on tuple (0,13) of relation 16385 of database 16384 after 1000.239 ms
postgres-1  | 2026-09-06 14:59:07.322 UTC [3208] ERROR:  deadlock detected
postgres-1  | 2026-09-06 14:59:07.322 UTC [3205] LOG:  process 3205 acquired ExclusiveLock on tuple (1,78) of relation 16385 of database 16384 after 3009.582 ms
postgres-1  | 2026-09-06 14:59:07.325 UTC [3211] LOG:  process 3211 acquired ShareLock on transaction 3711 after 3013.023 ms
postgres-1  | 2026-09-06 14:59:07.325 UTC [3223] LOG:  process 3223 acquired ShareLock on transaction 3711 after 3012.948 ms
postgres-1  | 2026-09-06 14:59:07.325 UTC [3212] LOG:  process 3212 acquired ShareLock on transaction 3711 after 3012.766 ms
postgres-1  | 2026-09-06 14:59:07.325 UTC [3184] LOG:  process 3184 acquired ShareLock on transaction 3711 after 3012.742 ms
postgres-1  | 2026-09-06 14:59:07.325 UTC [3188] LOG:  process 3188 acquired ShareLock on transaction 3711 after 3012.525 ms
postgres-1  | 2026-09-06 14:59:07.325 UTC [3215] LOG:  process 3215 acquired ShareLock on transaction 3711 after 3012.721 ms
postgres-1  | 2026-09-06 14:59:07.325 UTC [3209] LOG:  process 3209 acquired ShareLock on transaction 3711 after 3012.650 ms
postgres-1  | 2026-09-06 14:59:07.325 UTC [3216] LOG:  process 3216 acquired ShareLock on transaction 3711 after 3013.168 ms
postgres-1  | 2026-09-06 14:59:07.325 UTC [3186] LOG:  process 3186 acquired ShareLock on transaction 3711 after 3012.538 ms
postgres-1  | 2026-09-06 14:59:07.325 UTC [3185] LOG:  process 3185 acquired ExclusiveLock on tuple (1,78) of relation 16385 of database 16384 after 3012.399 ms
postgres-1  | 2026-09-06 14:59:07.325 UTC [3220] LOG:  process 3220 acquired ExclusiveLock on tuple (1,78) of relation 16385 of database 16384 after 2768.385 ms
postgres-1  | 2026-09-06 14:59:07.329 UTC [3219] LOG:  process 3219 acquired ShareLock on transaction 3744 after 1694.219 ms
postgres-1  | 2026-09-06 14:59:07.438 UTC [3221] LOG:  process 3221 detected deadlock while waiting for ShareLock on transaction 3728 after 1010.294 ms
postgres-1  | 2026-09-06 14:59:07.438 UTC [3221] ERROR:  deadlock detected
postgres-1  | 2026-09-06 14:59:08.307 UTC [3207] LOG:  process 3207 still waiting for ExclusiveLock on tuple (0,13) of relation 16385 of database 16384 after 1005.746 ms
postgres-1  | 2026-09-06 14:59:08.327 UTC [3209] LOG:  process 3209 still waiting for ShareLock on transaction 3724 after 1001.413 ms
postgres-1  | 2026-09-06 14:59:08.327 UTC [3188] LOG:  process 3188 still waiting for ShareLock on transaction 3724 after 1001.498 ms
postgres-1  | 2026-09-06 14:59:08.327 UTC [3184] LOG:  process 3184 still waiting for ShareLock on transaction 3724 after 1001.577 ms
postgres-1  | 2026-09-06 14:59:08.327 UTC [3186] LOG:  process 3186 still waiting for ShareLock on transaction 3724 after 1001.624 ms
postgres-1  | 2026-09-06 14:59:08.327 UTC [3216] LOG:  process 3216 still waiting for ShareLock on transaction 3724 after 1001.789 ms
postgres-1  | 2026-09-06 14:59:08.329 UTC [3215] LOG:  process 3215 still waiting for ShareLock on transaction 3724 after 1003.932 ms
postgres-1  | 2026-09-06 14:59:08.329 UTC [3211] LOG:  process 3211 still waiting for ShareLock on transaction 3747 after 1000.365 ms
postgres-1  | 2026-09-06 14:59:08.329 UTC [3223] LOG:  process 3223 still waiting for ShareLock on transaction 3724 after 1004.196 ms
postgres-1  | 2026-09-06 14:59:08.329 UTC [3212] LOG:  process 3212 still waiting for ShareLock on transaction 3724 after 1004.162 ms
postgres-1  | 2026-09-06 14:59:08.329 UTC [3185] LOG:  process 3185 detected deadlock while waiting for ShareLock on transaction 3747 after 1000.508 ms
postgres-1  | 2026-09-06 14:59:08.329 UTC [3185] ERROR:  deadlock detected
postgres-1  | 2026-09-06 14:59:08.330 UTC [3217] LOG:  process 3217 acquired ShareLock on transaction 3728 after 4017.763 ms
postgres-1  | 2026-09-06 14:59:08.330 UTC [3219] LOG:  process 3219 still waiting for ExclusiveLock on tuple (4,31) of relation 16385 of database 16384 after 1000.198 ms
postgres-1  | 2026-09-06 14:59:08.336 UTC [3210] LOG:  process 3210 acquired ShareLock on transaction 3718 after 10049.813 ms
postgres-1  | 2026-09-06 14:59:08.336 UTC [3213] LOG:  process 3213 acquired ExclusiveLock on tuple (1,76) of relation 16385 of database 16384 after 11056.162 ms
postgres-1  | 2026-09-06 14:59:08.344 UTC [3211] LOG:  process 3211 acquired ShareLock on transaction 3747 after 1015.572 ms
postgres-1  | 2026-09-06 14:59:08.350 UTC [3188] LOG:  process 3188 acquired ShareLock on transaction 3724 after 1024.691 ms
postgres-1  | 2026-09-06 14:59:08.350 UTC [3215] LOG:  process 3215 acquired ShareLock on transaction 3724 after 1024.696 ms
postgres-1  | 2026-09-06 14:59:08.350 UTC [3209] LOG:  process 3209 acquired ShareLock on transaction 3724 after 1024.695 ms
postgres-1  | 2026-09-06 14:59:08.350 UTC [3223] LOG:  process 3223 acquired ShareLock on transaction 3724 after 1024.785 ms
postgres-1  | 2026-09-06 14:59:08.350 UTC [3186] LOG:  process 3186 acquired ShareLock on transaction 3724 after 1024.676 ms
postgres-1  | 2026-09-06 14:59:08.350 UTC [3216] LOG:  process 3216 acquired ShareLock on transaction 3724 after 1024.747 ms
postgres-1  | 2026-09-06 14:59:08.350 UTC [3184] LOG:  process 3184 acquired ShareLock on transaction 3724 after 1024.703 ms
postgres-1  | 2026-09-06 14:59:08.350 UTC [3212] LOG:  process 3212 acquired ShareLock on transaction 3724 after 1024.747 ms
postgres-1  | 2026-09-06 14:59:08.524 UTC [3224] LOG:  process 3224 still waiting for ShareLock on transaction 3749 after 1001.355 ms
postgres-1  | 2026-09-06 14:59:08.560 UTC [3205] LOG:  process 3205 still waiting for ExclusiveLock on tuple (2,99) of relation 16385 of database 16384 after 1004.690 ms
postgres-1  | 2026-09-06 14:59:09.337 UTC [3213] LOG:  process 3213 still waiting for ShareLock on transaction 3707 after 1000.913 ms
postgres-1  | 2026-09-06 14:59:09.339 UTC [3210] LOG:  process 3210 still waiting for ExclusiveLock on tuple (2,99) of relation 16385 of database 16384 after 1001.325 ms
postgres-1  | 2026-09-06 14:59:09.342 UTC [3208] LOG:  process 3208 still waiting for ShareLock on transaction 3707 after 1005.543 ms
postgres-1  | 2026-09-06 14:59:09.342 UTC [3218] LOG:  process 3218 still waiting for ShareLock on transaction 3707 after 1006.019 ms
postgres-1  | 2026-09-06 14:59:09.350 UTC [3216] LOG:  process 3216 still waiting for ShareLock on transaction 3743 after 1000.317 ms
postgres-1  | 2026-09-06 14:59:09.350 UTC [3212] LOG:  process 3212 still waiting for ShareLock on transaction 3743 after 1000.299 ms
postgres-1  | 2026-09-06 14:59:09.350 UTC [3184] LOG:  process 3184 still waiting for ShareLock on transaction 3743 after 1000.325 ms
postgres-1  | 2026-09-06 14:59:09.350 UTC [3223] LOG:  process 3223 still waiting for ShareLock on transaction 3743 after 1000.566 ms
postgres-1  | 2026-09-06 14:59:09.351 UTC [3215] LOG:  process 3215 still waiting for ShareLock on transaction 3743 after 1001.417 ms
postgres-1  | 2026-09-06 14:59:09.351 UTC [3188] LOG:  process 3188 detected deadlock while waiting for ShareLock on transaction 3757 after 1001.134 ms
postgres-1  | 2026-09-06 14:59:09.351 UTC [3188] ERROR:  deadlock detected
postgres-1  | 2026-09-06 14:59:09.352 UTC [3223] LOG:  process 3223 acquired ShareLock on transaction 3743 after 1001.750 ms
postgres-1  | 2026-09-06 14:59:09.352 UTC [3216] LOG:  process 3216 acquired ShareLock on transaction 3743 after 1001.739 ms
postgres-1  | 2026-09-06 14:59:09.352 UTC [3184] LOG:  process 3184 acquired ShareLock on transaction 3743 after 1001.766 ms
postgres-1  | 2026-09-06 14:59:09.352 UTC [3212] LOG:  process 3212 acquired ShareLock on transaction 3743 after 1001.771 ms
postgres-1  | 2026-09-06 14:59:09.352 UTC [3215] LOG:  process 3215 acquired ShareLock on transaction 3743 after 1001.720 ms
postgres-1  | 2026-09-06 14:59:09.356 UTC [3214] LOG:  process 3214 acquired ShareLock on transaction 3726 after 7058.272 ms
postgres-1  | 2026-09-06 14:59:09.356 UTC [3206] LOG:  process 3206 acquired ExclusiveLock on tuple (0,13) of relation 16385 of database 16384 after 5691.011 ms
postgres-1  | 2026-09-06 14:59:09.356 UTC [3207] LOG:  process 3207 acquired ExclusiveLock on tuple (0,13) of relation 16385 of database 16384 after 2054.403 ms
postgres-1  | 2026-09-06 14:59:09.470 UTC [3220] LOG:  process 3220 still waiting for ExclusiveLock on tuple (2,99) of relation 16385 of database 16384 after 1002.776 ms
postgres-1  | 2026-09-06 14:59:09.595 UTC [3217] LOG:  process 3217 still waiting for ExclusiveLock on tuple (2,99) of relation 16385 of database 16384 after 1001.098 ms
postgres-1  | 2026-09-06 14:59:10.360 UTC [3214] LOG:  process 3214 detected deadlock while waiting for ShareLock on transaction 3761 after 1001.037 ms
postgres-1  | 2026-09-06 14:59:10.360 UTC [3212] LOG:  process 3212 still waiting for ShareLock on transaction 3745 after 1001.036 ms
postgres-1  | 2026-09-06 14:59:10.360 UTC [3215] LOG:  process 3215 still waiting for ShareLock on transaction 3745 after 1001.105 ms
postgres-1  | 2026-09-06 14:59:10.360 UTC [3216] LOG:  process 3216 still waiting for ExclusiveLock on tuple (2,108) of relation 16385 of database 16384 after 1001.296 ms
postgres-1  | 2026-09-06 14:59:10.360 UTC [3214] ERROR:  deadlock detected
postgres-1  | 2026-09-06 14:59:10.360 UTC [3184] LOG:  process 3184 still waiting for ShareLock on transaction 3745 after 1001.195 ms
postgres-1  | 2026-09-06 14:59:10.360 UTC [3223] LOG:  process 3223 still waiting for ShareLock on transaction 3745 after 1001.446 ms
postgres-1  | 2026-09-06 14:59:10.360 UTC [3222] LOG:  process 3222 acquired ShareLock on transaction 3719 after 9969.731 ms
postgres-1  | 2026-09-06 14:59:10.360 UTC [3211] LOG:  process 3211 still waiting for ShareLock on transaction 3745 after 1001.674 ms
postgres-1  | 2026-09-06 14:59:10.360 UTC [3186] LOG:  process 3186 still waiting for ShareLock on transaction 3761 after 1001.437 ms
postgres-1  | 2026-09-06 14:59:10.510 UTC [3221] LOG:  process 3221 still waiting for ExclusiveLock on tuple (4,31) of relation 16385 of database 16384 after 1010.708 ms
postgres-1  | 2026-09-06 14:59:10.532 UTC [3209] LOG:  process 3209 still waiting for ExclusiveLock on tuple (4,27) of relation 16385 of database 16384 after 1001.826 ms
postgres-1  | 2026-09-06 14:59:10.583 UTC [3188] LOG:  process 3188 still waiting for ExclusiveLock on tuple (2,108) of relation 16385 of database 16384 after 1002.625 ms
postgres-1  | 2026-09-06 14:59:11.362 UTC [3207] LOG:  process 3207 still waiting for ShareLock on transaction 3746 after 1002.121 ms
postgres-1  | 2026-09-06 14:59:11.362 UTC [3185] LOG:  process 3185 detected deadlock while waiting for ShareLock on transaction 3739 after 1002.109 ms
postgres-1  | 2026-09-06 14:59:11.362 UTC [3185] ERROR:  deadlock detected
postgres-1  | 2026-09-06 14:59:11.362 UTC [3186] LOG:  process 3186 acquired ShareLock on transaction 3761 after 2003.693 ms
postgres-1  | 2026-09-06 14:59:11.362 UTC [3209] LOG:  process 3209 acquired ExclusiveLock on tuple (4,27) of relation 16385 of database 16384 after 1832.162 ms
postgres-1  | 2026-09-06 14:59:11.363 UTC [3222] LOG:  process 3222 still waiting for ShareLock on transaction 3707 after 1001.262 ms
postgres-1  | 2026-09-06 14:59:11.363 UTC [3206] LOG:  process 3206 still waiting for ExclusiveLock on tuple (2,99) of relation 16385 of database 16384 after 1002.097 ms
postgres-1  | 2026-09-06 14:59:11.364 UTC [3223] LOG:  process 3223 acquired ShareLock on transaction 3745 after 2005.888 ms
postgres-1  | 2026-09-06 14:59:11.364 UTC [3215] LOG:  process 3215 acquired ShareLock on transaction 3745 after 2005.781 ms
postgres-1  | 2026-09-06 14:59:11.364 UTC [3211] LOG:  process 3211 acquired ShareLock on transaction 3745 after 2005.749 ms
postgres-1  | 2026-09-06 14:59:11.364 UTC [3184] LOG:  process 3184 acquired ShareLock on transaction 3745 after 2005.719 ms
postgres-1  | 2026-09-06 14:59:11.364 UTC [3212] LOG:  process 3212 acquired ShareLock on transaction 3745 after 2005.732 ms
postgres-1  | 2026-09-06 14:59:11.364 UTC [3216] LOG:  process 3216 acquired ExclusiveLock on tuple (2,108) of relation 16385 of database 16384 after 2006.012 ms
postgres-1  | 2026-09-06 14:59:11.364 UTC [3188] LOG:  process 3188 acquired ExclusiveLock on tuple (2,108) of relation 16385 of database 16384 after 1783.679 ms
postgres-1  | 2026-09-06 14:59:11.582 UTC [3214] LOG:  process 3214 still waiting for ShareLock on transaction 3746 after 1009.448 ms
postgres-1  | 2026-09-06 14:59:12.363 UTC [3209] LOG:  process 3209 still waiting for ShareLock on transaction 3739 after 1000.832 ms
postgres-1  | 2026-09-06 14:59:12.365 UTC [3212] LOG:  process 3212 still waiting for ExclusiveLock on tuple (2,109) of relation 16385 of database 16384 after 1001.128 ms
postgres-1  | 2026-09-06 14:59:12.365 UTC [3211] LOG:  process 3211 still waiting for ShareLock on transaction 3741 after 1001.169 ms
postgres-1  | 2026-09-06 14:59:12.365 UTC [3223] LOG:  process 3223 detected deadlock while waiting for ShareLock on transaction 3741 after 1001.150 ms
postgres-1  | 2026-09-06 14:59:12.365 UTC [3188] LOG:  process 3188 still waiting for ShareLock on transaction 3741 after 1001.036 ms
postgres-1  | 2026-09-06 14:59:12.365 UTC [3223] ERROR:  deadlock detected
postgres-1  | 2026-09-06 14:59:12.366 UTC [3215] LOG:  process 3215 still waiting for ExclusiveLock on tuple (1,84) of relation 16385 of database 16384 after 1001.094 ms
postgres-1  | 2026-09-06 14:59:12.366 UTC [3187] LOG:  process 3187 acquired ShareLock on transaction 3722 after 14079.487 ms
postgres-1  | 2026-09-06 14:59:12.366 UTC [3219] LOG:  process 3219 acquired ExclusiveLock on tuple (4,31) of relation 16385 of database 16384 after 5035.696 ms
postgres-1  | 2026-09-06 14:59:12.366 UTC [3184] LOG:  process 3184 still waiting for ExclusiveLock on tuple (2,109) of relation 16385 of database 16384 after 1001.490 ms
postgres-1  | 2026-09-06 14:59:12.366 UTC [3216] LOG:  process 3216 still waiting for ShareLock on transaction 3741 after 1001.379 ms
postgres-1  | 2026-09-06 14:59:12.603 UTC [3186] LOG:  process 3186 still waiting for ExclusiveLock on tuple (2,109) of relation 16385 of database 16384 after 1005.443 ms
postgres-1  | 2026-09-06 14:59:12.725 UTC [3185] LOG:  process 3185 still waiting for ExclusiveLock on tuple (4,27) of relation 16385 of database 16384 after 1009.410 ms
postgres-1  | 2026-09-06 14:59:13.366 UTC [3187] LOG:  process 3187 still waiting for ExclusiveLock on tuple (0,15) of relation 16385 of database 16384 after 1000.447 ms
postgres-1  | 2026-09-06 14:59:13.366 UTC [3219] LOG:  process 3219 detected deadlock while waiting for ShareLock on transaction 3734 after 1000.707 ms
postgres-1  | 2026-09-06 14:59:13.366 UTC [3219] ERROR:  deadlock detected
postgres-1  | 2026-09-06 14:59:13.367 UTC [3224] LOG:  process 3224 acquired ShareLock on transaction 3749 after 5843.989 ms
postgres-1  | 2026-09-06 14:59:13.367 UTC [3221] LOG:  process 3221 acquired ExclusiveLock on tuple (4,31) of relation 16385 of database 16384 after 3867.356 ms
postgres-1  | 2026-09-06 14:59:13.367 UTC [3205] LOG:  process 3205 acquired ExclusiveLock on tuple (2,99) of relation 16385 of database 16384 after 5811.399 ms
postgres-1  | 2026-09-06 14:59:13.639 UTC [3223] LOG:  process 3223 still waiting for ExclusiveLock on tuple (1,84) of relation 16385 of database 16384 after 1002.144 ms
postgres-1  | 2026-09-06 14:59:14.371 UTC [3224] LOG:  process 3224 detected deadlock while waiting for ExclusiveLock on tuple (4,27) of relation 16385 of database 16384 after 1003.929 ms
postgres-1  | 2026-09-06 14:59:14.371 UTC [3221] LOG:  process 3221 still waiting for ShareLock on transaction 3734 after 1004.321 ms
postgres-1  | 2026-09-06 14:59:14.371 UTC [3205] LOG:  process 3205 still waiting for ShareLock on transaction 3755 after 1004.319 ms
postgres-1  | 2026-09-06 14:59:14.371 UTC [3224] ERROR:  deadlock detected
postgres-1  | 2026-09-06 14:59:14.371 UTC [3205] LOG:  process 3205 acquired ShareLock on transaction 3755 after 1004.761 ms
postgres-1  | 2026-09-06 14:59:14.372 UTC [3210] LOG:  process 3210 acquired ExclusiveLock on tuple (2,99) of relation 16385 of database 16384 after 6034.537 ms
postgres-1  | 2026-09-06 14:59:14.724 UTC [3219] LOG:  process 3219 still waiting for ExclusiveLock on tuple (2,99) of relation 16385 of database 16384 after 1007.234 ms
postgres-1  | 2026-09-06 14:59:15.374 UTC [3210] LOG:  process 3210 detected deadlock while waiting for ShareLock on transaction 3756 after 1001.906 ms
postgres-1  | 2026-09-06 14:59:15.374 UTC [3210] ERROR:  deadlock detected
postgres-1  | 2026-09-06 14:59:15.375 UTC [3213] LOG:  process 3213 acquired ShareLock on transaction 3707 after 7038.249 ms
postgres-1  | 2026-09-06 14:59:15.375 UTC [3218] LOG:  process 3218 acquired ShareLock on transaction 3707 after 7038.162 ms
postgres-1  | 2026-09-06 14:59:15.375 UTC [3208] LOG:  process 3208 acquired ShareLock on transaction 3707 after 7038.087 ms
postgres-1  | 2026-09-06 14:59:15.375 UTC [3222] LOG:  process 3222 acquired ShareLock on transaction 3707 after 5013.384 ms
postgres-1  | 2026-09-06 14:59:15.375 UTC [3220] LOG:  process 3220 acquired ExclusiveLock on tuple (2,99) of relation 16385 of database 16384 after 6907.721 ms
postgres-1  | 2026-09-06 14:59:15.375 UTC [3205] LOG:  process 3205 still waiting for ExclusiveLock on tuple (4,27) of relation 16385 of database 16384 after 1002.632 ms
postgres-1  | 2026-09-06 14:59:15.377 UTC [3215] LOG:  process 3215 acquired ExclusiveLock on tuple (1,84) of relation 16385 of database 16384 after 4012.429 ms
postgres-1  | 2026-09-06 14:59:15.613 UTC [3224] LOG:  process 3224 still waiting for ExclusiveLock on tuple (2,99) of relation 16385 of database 16384 after 1003.409 ms
postgres-1  | 2026-09-06 14:59:16.378 UTC [3208] LOG:  process 3208 still waiting for ShareLock on transaction 3739 after 1001.473 ms
postgres-1  | 2026-09-06 14:59:16.378 UTC [3218] LOG:  process 3218 still waiting for ShareLock on transaction 3739 after 1001.442 ms
postgres-1  | 2026-09-06 14:59:16.378 UTC [3220] LOG:  process 3220 still waiting for ShareLock on transaction 3756 after 1001.596 ms
postgres-1  | 2026-09-06 14:59:16.378 UTC [3213] LOG:  process 3213 still waiting for ShareLock on transaction 3739 after 1001.529 ms
postgres-1  | 2026-09-06 14:59:16.378 UTC [3215] LOG:  process 3215 detected deadlock while waiting for ShareLock on transaction 3739 after 1001.494 ms
postgres-1  | 2026-09-06 14:59:16.378 UTC [3222] LOG:  process 3222 still waiting for ExclusiveLock on tuple (2,109) of relation 16385 of database 16384 after 1000.896 ms
postgres-1  | 2026-09-06 14:59:16.378 UTC [3215] ERROR:  deadlock detected
postgres-1  | 2026-09-06 14:59:16.379 UTC [3223] LOG:  process 3223 acquired ExclusiveLock on tuple (1,84) of relation 16385 of database 16384 after 3742.211 ms
postgres-1  | 2026-09-06 14:59:16.379 UTC [3211] LOG:  process 3211 acquired ShareLock on transaction 3741 after 5014.326 ms
postgres-1  | 2026-09-06 14:59:16.379 UTC [3216] LOG:  process 3216 acquired ShareLock on transaction 3741 after 5014.203 ms
postgres-1  | 2026-09-06 14:59:16.379 UTC [3188] LOG:  process 3188 acquired ShareLock on transaction 3741 after 5014.154 ms
postgres-1  | 2026-09-06 14:59:16.379 UTC [3184] LOG:  process 3184 acquired ExclusiveLock on tuple (2,109) of relation 16385 of database 16384 after 5014.397 ms
postgres-1  | 2026-09-06 14:59:16.678 UTC [3210] LOG:  process 3210 still waiting for ExclusiveLock on tuple (4,31) of relation 16385 of database 16384 after 1003.473 ms
postgres-1  | 2026-09-06 14:59:17.380 UTC [3211] LOG:  process 3211 still waiting for ExclusiveLock on tuple (1,84) of relation 16385 of database 16384 after 1001.477 ms
postgres-1  | 2026-09-06 14:59:17.380 UTC [3223] LOG:  process 3223 detected deadlock while waiting for ShareLock on transaction 3739 after 1001.817 ms
postgres-1  | 2026-09-06 14:59:17.380 UTC [3188] LOG:  process 3188 still waiting for ExclusiveLock on tuple (2,109) of relation 16385 of database 16384 after 1001.824 ms
postgres-1  | 2026-09-06 14:59:17.380 UTC [3223] ERROR:  deadlock detected
postgres-1  | 2026-09-06 14:59:17.381 UTC [3211] LOG:  process 3211 acquired ExclusiveLock on tuple (1,84) of relation 16385 of database 16384 after 1001.876 ms
postgres-1  | 2026-09-06 14:59:17.381 UTC [3216] LOG:  process 3216 still waiting for ExclusiveLock on tuple (2,109) of relation 16385 of database 16384 after 1002.187 ms
postgres-1  | 2026-09-06 14:59:17.381 UTC [3184] LOG:  process 3184 detected deadlock while waiting for ShareLock on transaction 3758 after 1002.206 ms
postgres-1  | 2026-09-06 14:59:17.381 UTC [3184] ERROR:  deadlock detected
postgres-1  | 2026-09-06 14:59:17.381 UTC [3212] LOG:  process 3212 acquired ExclusiveLock on tuple (2,109) of relation 16385 of database 16384 after 6016.788 ms
postgres-1  | 2026-09-06 14:59:17.464 UTC [3215] LOG:  process 3215 still waiting for ShareLock on transaction 3767 after 1002.076 ms
postgres-1  | 2026-09-06 14:59:18.382 UTC [3211] LOG:  process 3211 detected deadlock while waiting for ShareLock on transaction 3739 after 1000.918 ms
postgres-1  | 2026-09-06 14:59:18.382 UTC [3211] ERROR:  deadlock detected
postgres-1  | 2026-09-06 14:59:18.382 UTC [3186] LOG:  process 3186 acquired ExclusiveLock on tuple (2,109) of relation 16385 of database 16384 after 6784.888 ms
postgres-1  | 2026-09-06 14:59:18.714 UTC [3223] LOG:  process 3223 still waiting for ExclusiveLock on tuple (1,84) of relation 16385 of database 16384 after 1010.344 ms
postgres-1  | 2026-09-06 14:59:19.383 UTC [3184] LOG:  process 3184 still waiting for ShareLock on transaction 3739 after 1001.121 ms
postgres-1  | 2026-09-06 14:59:19.383 UTC [3186] LOG:  process 3186 detected deadlock while waiting for ShareLock on transaction 3738 after 1000.878 ms
postgres-1  | 2026-09-06 14:59:19.383 UTC [3186] ERROR:  deadlock detected
postgres-1  | 2026-09-06 14:59:19.384 UTC [3222] LOG:  process 3222 acquired ExclusiveLock on tuple (2,109) of relation 16385 of database 16384 after 4006.154 ms
postgres-1  | 2026-09-06 14:59:19.384 UTC [3212] LOG:  process 3212 detected deadlock while waiting for ExclusiveLock on tuple (2,99) of relation 16385 of database 16384 after 1000.756 ms
postgres-1  | 2026-09-06 14:59:19.384 UTC [3212] ERROR:  deadlock detected
postgres-1  | 2026-09-06 14:59:19.385 UTC [3216] LOG:  process 3216 acquired ExclusiveLock on tuple (2,109) of relation 16385 of database 16384 after 3006.002 ms
postgres-1  | 2026-09-06 14:59:19.388 UTC [3209] LOG:  process 3209 acquired ShareLock on transaction 3739 after 8025.174 ms
postgres-1  | 2026-09-06 14:59:19.388 UTC [3208] LOG:  process 3208 acquired ShareLock on transaction 3739 after 4010.822 ms
postgres-1  | 2026-09-06 14:59:19.388 UTC [3213] LOG:  process 3213 acquired ShareLock on transaction 3739 after 4010.815 ms
postgres-1  | 2026-09-06 14:59:19.388 UTC [3184] LOG:  process 3184 acquired ShareLock on transaction 3739 after 1005.473 ms
postgres-1  | 2026-09-06 14:59:19.388 UTC [3218] LOG:  process 3218 acquired ShareLock on transaction 3739 after 4010.785 ms
postgres-1  | 2026-09-06 14:59:19.388 UTC [3185] LOG:  process 3185 acquired ExclusiveLock on tuple (4,27) of relation 16385 of database 16384 after 7672.206 ms
postgres-1  | 2026-09-06 14:59:19.388 UTC [3188] LOG:  process 3188 acquired ExclusiveLock on tuple (2,109) of relation 16385 of database 16384 after 3009.177 ms
postgres-1  | 2026-09-06 14:59:19.388 UTC [3205] LOG:  process 3205 acquired ExclusiveLock on tuple (4,27) of relation 16385 of database 16384 after 5015.118 ms
postgres-1  | 2026-09-06 14:59:19.388 UTC [3223] LOG:  process 3223 acquired ExclusiveLock on tuple (1,84) of relation 16385 of database 16384 after 1684.828 ms
postgres-1  | 2026-09-06 14:59:20.390 UTC [3185] LOG:  process 3185 detected deadlock while waiting for ShareLock on transaction 3763 after 1002.004 ms
postgres-1  | 2026-09-06 14:59:20.390 UTC [3223] LOG:  process 3223 still waiting for ShareLock on transaction 3720 after 1001.873 ms
postgres-1  | 2026-09-06 14:59:20.390 UTC [3218] LOG:  process 3218 still waiting for ShareLock on transaction 3720 after 1002.060 ms
postgres-1  | 2026-09-06 14:59:20.390 UTC [3185] ERROR:  deadlock detected
postgres-1  | 2026-09-06 14:59:20.390 UTC [3211] LOG:  process 3211 still waiting for ShareLock on transaction 3717 after 1002.053 ms
postgres-1  | 2026-09-06 14:59:20.390 UTC [3188] LOG:  process 3188 still waiting for ShareLock on transaction 3717 after 1002.423 ms
postgres-1  | 2026-09-06 14:59:20.391 UTC [3216] LOG:  process 3216 still waiting for ExclusiveLock on tuple (1,92) of relation 16385 of database 16384 after 1002.133 ms
postgres-1  | 2026-09-06 14:59:20.391 UTC [3184] LOG:  process 3184 still waiting for ShareLock on transaction 3720 after 1002.648 ms
postgres-1  | 2026-09-06 14:59:20.391 UTC [3215] LOG:  process 3215 acquired ShareLock on transaction 3767 after 3929.190 ms
postgres-1  | 2026-09-06 14:59:20.391 UTC [3208] LOG:  process 3208 still waiting for ShareLock on transaction 3720 after 1003.001 ms
postgres-1  | 2026-09-06 14:59:20.391 UTC [3213] LOG:  process 3213 still waiting for ExclusiveLock on tuple (4,31) of relation 16385 of database 16384 after 1002.114 ms
postgres-1  | 2026-09-06 14:59:20.391 UTC [3209] LOG:  process 3209 still waiting for ShareLock on transaction 3772 after 1002.600 ms
postgres-1  | 2026-09-06 14:59:20.391 UTC [3205] LOG:  process 3205 still waiting for ShareLock on transaction 3763 after 1003.096 ms
postgres-1  | 2026-09-06 14:59:20.664 UTC [3222] LOG:  process 3222 still waiting for ShareLock on transaction 3717 after 1001.277 ms
postgres-1  | 2026-09-06 14:59:21.394 UTC [3215] LOG:  process 3215 detected deadlock while waiting for ShareLock on transaction 3763 after 1002.624 ms
postgres-1  | 2026-09-06 14:59:21.395 UTC [3215] ERROR:  deadlock detected
postgres-1  | 2026-09-06 14:59:21.395 UTC [3209] LOG:  process 3209 acquired ShareLock on transaction 3772 after 2006.683 ms
postgres-1  | 2026-09-06 14:59:22.398 UTC [3209] LOG:  process 3209 detected deadlock while waiting for ExclusiveLock on tuple (2,118) of relation 16385 of database 16384 after 1002.425 ms
postgres-1  | 2026-09-06 14:59:22.398 UTC [3209] ERROR:  deadlock detected
postgres-1  | 2026-09-06 14:59:22.399 UTC [3205] LOG:  process 3205 acquired ShareLock on transaction 3763 after 3010.605 ms
postgres-1  | 2026-09-06 14:59:23.401 UTC [3205] LOG:  process 3205 detected deadlock while waiting for ShareLock on transaction 3777 after 1001.555 ms
postgres-1  | 2026-09-06 14:59:23.401 UTC [3205] ERROR:  deadlock detected
postgres-1  | 2026-09-06 14:59:23.401 UTC [3220] LOG:  process 3220 acquired ShareLock on transaction 3756 after 8024.679 ms
postgres-1  | 2026-09-06 14:59:23.402 UTC [3217] LOG:  process 3217 acquired ExclusiveLock on tuple (2,99) of relation 16385 of database 16384 after 14808.225 ms
postgres-1  | 2026-09-06 14:59:24.404 UTC [3217] LOG:  process 3217 detected deadlock while waiting for ShareLock on transaction 3759 after 1001.724 ms
postgres-1  | 2026-09-06 14:59:24.404 UTC [3217] ERROR:  deadlock detected
postgres-1  | 2026-09-06 14:59:24.404 UTC [3206] LOG:  process 3206 acquired ExclusiveLock on tuple (2,99) of relation 16385 of database 16384 after 14042.897 ms
postgres-1  | 2026-09-06 14:59:24.406 UTC [3220] LOG:  process 3220 detected deadlock while waiting for ExclusiveLock on tuple (4,31) of relation 16385 of database 16384 after 1000.473 ms
postgres-1  | 2026-09-06 14:59:24.406 UTC [3220] ERROR:  deadlock detected
postgres-1  | 2026-09-06 14:59:24.407 UTC [3219] LOG:  process 3219 acquired ExclusiveLock on tuple (2,99) of relation 16385 of database 16384 after 10689.918 ms
postgres-1  | 2026-09-06 14:59:25.407 UTC [3219] LOG:  process 3219 still waiting for ShareLock on transaction 3746 after 1000.356 ms
postgres-1  | 2026-09-06 14:59:25.409 UTC [3206] LOG:  process 3206 detected deadlock while waiting for ExclusiveLock on tuple (4,31) of relation 16385 of database 16384 after 1001.149 ms
postgres-1  | 2026-09-06 14:59:25.409 UTC [3206] ERROR:  deadlock detected
postgres-1  | 2026-09-06 14:59:25.409 UTC [3207] LOG:  process 3207 acquired ShareLock on transaction 3746 after 15048.991 ms
postgres-1  | 2026-09-06 14:59:25.409 UTC [3214] LOG:  process 3214 acquired ShareLock on transaction 3746 after 14836.260 ms
postgres-1  | 2026-09-06 14:59:25.409 UTC [3219] LOG:  process 3219 acquired ShareLock on transaction 3746 after 1002.542 ms
postgres-1  | 2026-09-06 14:59:25.409 UTC [3187] LOG:  process 3187 acquired ExclusiveLock on tuple (0,15) of relation 16385 of database 16384 after 13043.354 ms
postgres-1  | 2026-09-06 14:59:25.410 UTC [3224] LOG:  process 3224 acquired ExclusiveLock on tuple (2,99) of relation 16385 of database 16384 after 10800.360 ms
postgres-1  | 2026-09-06 14:59:26.411 UTC [3207] LOG:  process 3207 still waiting for ShareLock on transaction 3765 after 1001.988 ms
postgres-1  | 2026-09-06 14:59:26.412 UTC [3224] LOG:  process 3224 detected deadlock while waiting for ShareLock on transaction 3769 after 1002.303 ms
postgres-1  | 2026-09-06 14:59:26.412 UTC [3187] LOG:  process 3187 still waiting for ShareLock on transaction 3765 after 1002.554 ms
postgres-1  | 2026-09-06 14:59:26.412 UTC [3224] ERROR:  deadlock detected
postgres-1  | 2026-09-06 14:59:26.412 UTC [3219] LOG:  process 3219 still waiting for ExclusiveLock on tuple (4,31) of relation 16385 of database 16384 after 1001.397 ms
postgres-1  | 2026-09-06 14:59:27.418 UTC [3214] LOG:  process 3214 detected deadlock while waiting for ShareLock on transaction 3769 after 1005.230 ms
postgres-1  | 2026-09-06 14:59:27.418 UTC [3214] ERROR:  deadlock detected
postgres-1  | 2026-09-06 14:59:27.418 UTC [3207] LOG:  process 3207 acquired ShareLock on transaction 3765 after 2009.008 ms
postgres-1  | 2026-09-06 14:59:27.418 UTC [3187] LOG:  process 3187 acquired ShareLock on transaction 3765 after 2009.008 ms
postgres-1  | 2026-09-06 14:59:28.423 UTC [3187] LOG:  process 3187 detected deadlock while waiting for ShareLock on transaction 3752 after 1004.676 ms
postgres-1  | 2026-09-06 14:59:28.423 UTC [3207] LOG:  process 3207 still waiting for ExclusiveLock on tuple (2,118) of relation 16385 of database 16384 after 1003.079 ms
postgres-1  | 2026-09-06 14:59:28.423 UTC [3187] ERROR:  deadlock detected
postgres-1  | 2026-09-06 14:59:28.424 UTC [3221] LOG:  process 3221 acquired ShareLock on transaction 3734 after 15057.121 ms
postgres-1  | 2026-09-06 14:59:28.424 UTC [3210] LOG:  process 3210 acquired ExclusiveLock on tuple (4,31) of relation 16385 of database 16384 after 12749.619 ms
postgres-1  | 2026-09-06 14:59:29.427 UTC [3221] LOG:  process 3221 detected deadlock while waiting for ExclusiveLock on tuple (2,118) of relation 16385 of database 16384 after 1001.351 ms
postgres-1  | 2026-09-06 14:59:29.427 UTC [3221] ERROR:  deadlock detected
postgres-1  | 2026-09-06 14:59:29.427 UTC [3213] LOG:  process 3213 acquired ExclusiveLock on tuple (4,31) of relation 16385 of database 16384 after 10039.099 ms
postgres-1  | 2026-09-06 14:59:29.434 UTC [3219] LOG:  process 3219 acquired ExclusiveLock on tuple (4,31) of relation 16385 of database 16384 after 4023.096 ms
postgres-1  | 2026-09-06 14:59:30.435 UTC [3219] LOG:  process 3219 still waiting for ShareLock on transaction 3720 after 1000.440 ms
postgres-1  | 2026-09-06 14:59:30.438 UTC [3213] LOG:  process 3213 detected deadlock while waiting for ExclusiveLock on tuple (2,118) of relation 16385 of database 16384 after 1003.497 ms
postgres-1  | 2026-09-06 14:59:30.438 UTC [3213] ERROR:  deadlock detected
postgres-1  | 2026-09-06 14:59:30.439 UTC [3208] LOG:  process 3208 acquired ShareLock on transaction 3720 after 11050.790 ms
postgres-1  | 2026-09-06 14:59:30.439 UTC [3218] LOG:  process 3218 acquired ShareLock on transaction 3720 after 11050.728 ms
postgres-1  | 2026-09-06 14:59:30.439 UTC [3184] LOG:  process 3184 acquired ShareLock on transaction 3720 after 11050.655 ms
postgres-1  | 2026-09-06 14:59:30.439 UTC [3223] LOG:  process 3223 acquired ShareLock on transaction 3720 after 11050.616 ms
postgres-1  | 2026-09-06 14:59:30.439 UTC [3219] LOG:  process 3219 acquired ShareLock on transaction 3720 after 1004.704 ms
postgres-1  | 2026-09-06 14:59:30.439 UTC [3216] LOG:  process 3216 acquired ExclusiveLock on tuple (1,92) of relation 16385 of database 16384 after 11050.359 ms
postgres-1  | 2026-09-06 14:59:30.452 UTC [3211] LOG:  process 3211 acquired ShareLock on transaction 3717 after 11063.625 ms
postgres-1  | 2026-09-06 14:59:30.452 UTC [3188] LOG:  process 3188 acquired ShareLock on transaction 3717 after 11063.681 ms
postgres-1  | 2026-09-06 14:59:30.452 UTC [3222] LOG:  process 3222 acquired ShareLock on transaction 3717 after 10788.673 ms
postgres-1  | 2026-09-06 14:59:30.452 UTC [3207] LOG:  process 3207 acquired ExclusiveLock on tuple (2,118) of relation 16385 of database 16384 after 3031.606 ms
postgres-1  | 2026-09-06 14:59:31.454 UTC [3223] LOG:  process 3223 still waiting for ShareLock on transaction 3752 after 1001.940 ms
postgres-1  | 2026-09-06 14:59:31.454 UTC [3218] LOG:  process 3218 still waiting for ShareLock on transaction 3774 after 1002.799 ms
postgres-1  | 2026-09-06 14:59:31.455 UTC [3184] LOG:  process 3184 still waiting for ShareLock on transaction 3774 after 1003.299 ms
postgres-1  | 2026-09-06 14:59:31.456 UTC [3207] LOG:  process 3207 detected deadlock while waiting for ShareLock on transaction 3776 after 1000.579 ms
postgres-1  | 2026-09-06 14:59:31.456 UTC [3188] LOG:  process 3188 still waiting for ExclusiveLock on tuple (2,126) of relation 16385 of database 16384 after 1000.593 ms
postgres-1  | 2026-09-06 14:59:31.456 UTC [3207] ERROR:  deadlock detected
postgres-1  | 2026-09-06 14:59:31.457 UTC [3223] LOG:  process 3223 acquired ShareLock on transaction 3752 after 1004.453 ms
postgres-1  | 2026-09-06 14:59:31.457 UTC [3188] LOG:  process 3188 acquired ExclusiveLock on tuple (2,126) of relation 16385 of database 16384 after 1001.095 ms
postgres-1  | 2026-09-06 14:59:31.464 UTC [3218] LOG:  process 3218 acquired ShareLock on transaction 3774 after 1012.767 ms
postgres-1  | 2026-09-06 14:59:31.464 UTC [3184] LOG:  process 3184 acquired ShareLock on transaction 3774 after 1012.710 ms
